photo_file,setls_item_id,setls_h1_raw,setls_title,fetch_status,matched_toy_id,matched_toy_name,match_score,matched_on,filename_same_as_csv_id
10.JPG,10,404: File not found,,not_found,,,0.0,,
1002.jpg,1002,404: File not found,,not_found,,,0.0,,
1003.jpg,1003,404: File not found,,not_found,,,0.0,,
1005.jpg,1005,404: File not found,,not_found,,,0.0,,
1006.jpg,1006,404: File not found,,not_found,,,0.0,,
1008.jpg,1008,404: File not found,,not_found,,,0.0,,
1010.jpg,1010,404: File not found,,not_found,,,0.0,,
1013.jpg,1013,404: File not found,,not_found,,,0.0,,
1018.jpg,1018,404: File not found,,not_found,,,0.0,,
102.jpg,102,404: File not found,,not_found,,,0.0,,
1021.jpg,1021,404: File not found,,not_found,,,0.0,,
1023.jpg,1023,404: File not found,,not_found,,,0.0,,
1026.jpg,1026,404: File not found,,not_found,,,0.0,,
1027.jpg,1027,404: File not found,,not_found,,,0.0,,
1031.jpg,1031,404: File not found,,not_found,,,0.0,,
1032.jpg,1032,404: File not found,,not_found,,,0.0,,
1033.jpg,1033,404: File not found,,not_found,,,0.0,,
1039.jpg,1039,404: File not found,,not_found,,,0.0,,
1041.jpg,1041,404: File not found,,not_found,,,0.0,,
1045.jpg,1045,404: File not found,,not_found,,,0.0,,
1048.jpg,1048,404: File not found,,not_found,,,0.0,,
1050.jpg,1050,404: File not found,,not_found,,,0.0,,
1056.jpg,1056,404: File not found,,not_found,,,0.0,,
1057.jpg,1057,404: File not found,,not_found,,,0.0,,
1058.jpg,1058,404: File not found,,not_found,,,0.0,,
1059.jpg,1059,404: File not found,,not_found,,,0.0,,
1060.jpg,1060,404: File not found,,not_found,,,0.0,,
1062.jpg,1062,404: File not found,,not_found,,,0.0,,
1064.jpg,1064,404: File not found,,not_found,,,0.0,,
1066.jpg,1066,404: File not found,,not_found,,,0.0,,
1068.JPG,1068,404: File not found,,not_found,,,0.0,,
1069.JPG,1069,404: File not found,,not_found,,,0.0,,
1070.JPG,1070,404: File not found,,not_found,,,0.0,,
1071.JPG,1071,404: File not found,,not_found,,,0.0,,
1072.JPG,1072,404: File not found,,not_found,,,0.0,,
1073.JPG,1073,404: File not found,,not_found,,,0.0,,
1074.jpg,1074,404: File not found,,not_found,,,0.0,,
1075.jpg,1075,404: File not found,,not_found,,,0.0,,
1077.jpg,1077,404: File not found,,not_found,,,0.0,,
1078.jpg,1078,404: File not found,,not_found,,,0.0,,
1079.jpg,1079,404: File not found,,not_found,,,0.0,,
1080.jpg,1080,404: File not found,,not_found,,,0.0,,
1082.jpg,1082,404: File not found,,not_found,,,0.0,,
1083.jpg,1083,404: File not found,,not_found,,,0.0,,
1084.jpg,1084,404: File not found,,not_found,,,0.0,,
1085.jpg,1085,404: File not found,,not_found,,,0.0,,
1086.jpg,1086,404: File not found,,not_found,,,0.0,,
1087.JPG,1087,404: File not found,,not_found,,,0.0,,
1088.jpg,1088,404: File not found,,not_found,,,0.0,,
1091.jpg,1091,404: File not found,,not_found,,,0.0,,
1092.jpg,1092,404: File not found,,not_found,,,0.0,,
1093.jpg,1093,404: File not found,,not_found,,,0.0,,
1094.jpg,1094,404: File not found,,not_found,,,0.0,,
1097.jpg,1097,404: File not found,,not_found,,,0.0,,
1100.jpg,1100,404: File not found,,not_found,,,0.0,,
1102.jpg,1102,404: File not found,,not_found,,,0.0,,
1103.jpg,1103,404: File not found,,not_found,,,0.0,,
1104.JPG,1104,404: File not found,,not_found,,,0.0,,
1107.jpg,1107,404: File not found,,not_found,,,0.0,,
1108.jpg,1108,404: File not found,,not_found,,,0.0,,
1110.jpg,1110,404: File not found,,not_found,,,0.0,,
1112.jpg,1112,404: File not found,,not_found,,,0.0,,
1120.jpg,1120,404: File not found,,not_found,,,0.0,,
1124.jpg,1124,404: File not found,,not_found,,,0.0,,
1128.jpg,1128,404: File not found,,not_found,,,0.0,,
1130.jpg,1130,404: File not found,,not_found,,,0.0,,
1132.jpg,1132,404: File not found,,not_found,,,0.0,,
1133.jpg,1133,404: File not found,,not_found,,,0.0,,
1137.jpg,1137,404: File not found,,not_found,,,0.0,,
1138.jpg,1138,404: File not found,,not_found,,,0.0,,
1140.jpg,1140,404: File not found,,not_found,,,0.0,,
1143.jpg,1143,404: File not found,,not_found,,,0.0,,
1145.jpg,1145,404: File not found,,not_found,,,0.0,,
1146.jpg,1146,404: File not found,,not_found,,,0.0,,
1147.jpg,1147,404: File not found,,not_found,,,0.0,,
1150.jpg,1150,404: File not found,,not_found,,,0.0,,
1151.jpg,1151,404: File not found,,not_found,,,0.0,,
1153.jpg,1153,404: File not found,,not_found,,,0.0,,
1154.jpg,1154,404: File not found,,not_found,,,0.0,,
1156.jpg,1156,404: File not found,,not_found,,,0.0,,
1157.jpg,1157,404: File not found,,not_found,,,0.0,,
1168.jpg,1168,404: File not found,,not_found,,,0.0,,
1171.jpg,1171,404: File not found,,not_found,,,0.0,,
1172.jpg,1172,404: File not found,,not_found,,,0.0,,
1173.jpg,1173,404: File not found,,not_found,,,0.0,,
1175.jpg,1175,404: File not found,,not_found,,,0.0,,
1176.jpg,1176,404: File not found,,not_found,,,0.0,,
1177.jpg,1177,404: File not found,,not_found,,,0.0,,
1178.jpg,1178,404: File not found,,not_found,,,0.0,,
1179.jpg,1179,404: File not found,,not_found,,,0.0,,
1180.jpg,1180,404: File not found,,not_found,,,0.0,,
1181.jpg,1181,404: File not found,,not_found,,,0.0,,
1182.jpg,1182,404: File not found,,not_found,,,0.0,,
1183.jpg,1183,404: File not found,,not_found,,,0.0,,
1184.jpg,1184,404: File not found,,not_found,,,0.0,,
1186.jpg,1186,404: File not found,,not_found,,,0.0,,
1187.jpg,1187,404: File not found,,not_found,,,0.0,,
1189.jpg,1189,404: File not found,,not_found,,,0.0,,
119.jpg,119,404: File not found,,not_found,,,0.0,,
1191.jpg,1191,404: File not found,,not_found,,,0.0,,
1193.jpg,1193,404: File not found,,not_found,,,0.0,,
1194.jpg,1194,404: File not found,,not_found,,,0.0,,
1195.jpg,1195,404: File not found,,not_found,,,0.0,,
1197.jpg,1197,404: File not found,,not_found,,,0.0,,
1198.jpg,1198,404: File not found,,not_found,,,0.0,,
1199.jpg,1199,404: File not found,,not_found,,,0.0,,
1206.jpg,1206,404: File not found,,not_found,,,0.0,,
1210.jpg,1210,404: File not found,,not_found,,,0.0,,
1213.jpg,1213,404: File not found,,not_found,,,0.0,,
1241.jpg,1241,404: File not found,,not_found,,,0.0,,
1244.jpg,1244,404: File not found,,not_found,,,0.0,,
1246.jpg,1246,404: File not found,,not_found,,,0.0,,
1247.jpg,1247,404: File not found,,not_found,,,0.0,,
1251.jpg,1251,404: File not found,,not_found,,,0.0,,
1252.jpg,1252,404: File not found,,not_found,,,0.0,,
1255.jpg,1255,404: File not found,,not_found,,,0.0,,
1256.jpg,1256,404: File not found,,not_found,,,0.0,,
1258.jpg,1258,404: File not found,,not_found,,,0.0,,
127.jpg,127,404: File not found,,not_found,,,0.0,,
1272.jpg,1272,404: File not found,,not_found,,,0.0,,
1275.jpg,1275,404: File not found,,not_found,,,0.0,,
1280.jpg,1280,404: File not found,,not_found,,,0.0,,
1286.jpg,1286,404: File not found,,not_found,,,0.0,,
1292.jpg,1292,404: File not found,,not_found,,,0.0,,
1294.jpg,1294,404: File not found,,not_found,,,0.0,,
1301.jpg,1301,404: File not found,,not_found,,,0.0,,
1305.jpg,1305,404: File not found,,not_found,,,0.0,,
1306.jpg,1306,404: File not found,,not_found,,,0.0,,
1310.jpg,1310,404: File not found,,not_found,,,0.0,,
1311.jpg,1311,404: File not found,,not_found,,,0.0,,
1317.jpg,1317,404: File not found,,not_found,,,0.0,,
1319.jpg,1319,404: File not found,,not_found,,,0.0,,
1320.jpg,1320,404: File not found,,not_found,,,0.0,,
1321.jpg,1321,404: File not found,,not_found,,,0.0,,
1331.jpg,1331,404: File not found,,not_found,,,0.0,,
1333.jpg,1333,404: File not found,,not_found,,,0.0,,
1337.jpg,1337,404: File not found,,not_found,,,0.0,,
1345.jpg,1345,404: File not found,,not_found,,,0.0,,
1353.jpg,1353,404: File not found,,not_found,,,0.0,,
1354.jpg,1354,404: File not found,,not_found,,,0.0,,
1361.jpg,1361,404: File not found,,not_found,,,0.0,,
1362.jpg,1362,404: File not found,,not_found,,,0.0,,
1364.jpg,1364,404: File not found,,not_found,,,0.0,,
1365.jpg,1365,404: File not found,,not_found,,,0.0,,
1366.jpg,1366,404: File not found,,not_found,,,0.0,,
1368.jpg,1368,404: File not found,,not_found,,,0.0,,
137.jpg,137,404: File not found,,not_found,,,0.0,,
1371.jpg,1371,404: File not found,,not_found,,,0.0,,
1372.jpg,1372,404: File not found,,not_found,,,0.0,,
1375.jpg,1375,404: File not found,,not_found,,,0.0,,
1378.jpg,1378,404: File not found,,not_found,,,0.0,,
1380.jpg,1380,404: File not found,,not_found,,,0.0,,
1385.jpg,1385,404: File not found,,not_found,,,0.0,,
1391.jpg,1391,404: File not found,,not_found,,,0.0,,
1392.jpg,1392,404: File not found,,not_found,,,0.0,,
1395.jpg,1395,404: File not found,,not_found,,,0.0,,
1400.jpg,1400,404: File not found,,not_found,,,0.0,,
1406.jpg,1406,404: File not found,,not_found,,,0.0,,
1407.jpg,1407,404: File not found,,not_found,,,0.0,,
141.jpg,141,404: File not found,,not_found,,,0.0,,
1413.jpg,1413,404: File not found,,not_found,,,0.0,,
141352.JPG,141352,16: Wooden Building Blocks,Wooden Building Blocks,ok,16,Wooden Building Blocks,1.0,name,False
141359.jpg,141359,23: Wooden Beads,Wooden Beads,ok,23,Wooden Beads,1.0,name,False
141364.jpg,141364,28: Shopping Cart & Groceries,Shopping Cart & Groceries,ok,28,Shopping Cart & Groceries,1.0,name,False
141366.jpg,141366,30: Duplo - Dino World,Duplo - Dino World,ok,30,Duplo - Dino World,1.0,name,False
141374.jpg,141374,40: Play Slide,Play Slide,ok,40,Play Slide,1.0,name,False
141380.jpg,141380,47: Big Strike Bowling Set,Big Strike Bowling Set,ok,47,Big Strike Bowling Set,1.0,name,False
141383.jpg,141383,50: Touch n Learn Cot Toy,Touch n Learn Cot Toy,ok,50,Touch n Learn Cot Toy,1.0,name,False
141394.jpg,141394,61: Ring Around Bead Frame,Ring Around Bead Frame,ok,61,Ring Around Bead Frame,1.0,name,False
141395.jpg,141395,62: Sandpit Front End Loader,Sandpit Front End Loader,ok,62,Sandpit Front End Loader,1.0,name,False
141396.jpg,141396,63: race car transporter,race car transporter,ok,63,race car transporter,1.0,name,False
1414.jpg,1414,404: File not found,,not_found,,,0.0,,
141403.jpeg,141403,72: Mobilio,Mobilio,ok,72,Mobilio,1.0,name,False
141405.jpg,141405,74: Jolly Jumper,Jolly Jumper,ok,74,Jolly Jumper,1.0,name,False
141406.jpg,141406,75: Duplo- Arctic Set,Duplo- Arctic Set,ok,75,Duplo- Arctic Set,1.0,name,False
141407.jpg,141407,76: All Terrain Vehicle,All Terrain Vehicle,ok,76,All Terrain Vehicle,1.0,name,False
141436.jpg,141436,108: Funny Animal Match Up,Funny Animal Match Up,ok,108,Funny Animal Match Up,1.0,name,False
141444.jpg,141444,117: Humdinger Family Set,Humdinger Family Set,ok,117,Humdinger Family Set,1.0,name,False
141461.jpg,141461,137: Mighty Voyager Pirate Ship,Mighty Voyager Pirate Ship,ok,137,Mighty Voyager Pirate Ship,1.0,name,False
141469.jpg,141469,147: Sorting Box,Sorting Box,ok,147,Sorting Box,1.0,name,False
141479.jpg,141479,159: Looper & Friends,Looper & Friends,ok,159,Looper & Friends,1.0,name,False
141483.jpg,141483,163: Primo Stacknlearn,Primo Stacknlearn,ok,163,Primo Stacknlearn,1.0,name,False
141484.jpg,141484,164: Finger Puppets & Theatre,Finger Puppets & Theatre,ok,164,Finger Puppets & Theatre,1.0,name,False
141486.jpg,141486,166: Whale Teeter Totter,Whale Teeter Totter,ok,166,Whale Teeter Totter,1.0,name,False
141500.jpg,141500,183: Suitcase Shape Sorter,Suitcase Shape Sorter,ok,183,Suitcase Shape Sorter,1.0,name,False
141505.jpg,141505,189: Ladybird Dress Up,Ladybird Dress Up,ok,189,Ladybird Dress Up,1.0,name,False
141507.jpg,141507,191: Peek A Boo Tunnel,Peek A Boo Tunnel,ok,191,Peek A Boo Tunnel,1.0,name,False
141515.jpg,141515,202: Grande Coupe (green),Grande Coupe (green),ok,202,Grande Coupe (green),1.0,name,False
141517.jpg,141517,205: Jungle Glove Puppets,Jungle Glove Puppets,ok,205,Jungle Glove Puppets,1.0,name,False
141519.jpg,141519,207: Whats Inside Me Apron,Whats Inside Me Apron,ok,207,Whats Inside Me Apron,1.0,name,False
141522.jpg,141522,210: Fantasy Puppets,Fantasy Puppets,ok,210,Fantasy Puppets,1.0,name,False
141529.jpg,141529,218: Cozy Coupe (red),Cozy Coupe (red),ok,218,Cozy Coupe (red),1.0,name,False
141539.jpg,141539,229: Maze Balancing Board,Maze Balancing Board,ok,229,Maze Balancing Board,1.0,name,False
141543.jpg,141543,233: Coloured Clown,Coloured Clown,ok,233,Coloured Clown,1.0,name,False
141545.jpg,141545,235: Twist n Learn and Tweet n Twirl,Twist n Learn and Tweet n Twirl,ok,235,Twist n Learn and Tweet n Twirl,1.0,name,False
141549.jpg,141549,239: Doctors dress up,Doctors dress up,ok,239,Doctors dress up,1.0,name,False
141553.jpg,141553,243: Tongue Drum,Tongue Drum,ok,243,Tongue Drum,1.0,name,False
141558.jpg,141558,248: Floaty Boat,Floaty Boat,ok,248,Floaty Boat,1.0,name,False
141573.jpg,141573,269: Duplo Post Office,Duplo Post Office,ok,269,Duplo Post Office,1.0,name,False
141576.jpg,141576,273: Shapeboard,Shapeboard,ok,273,Shapeboard,1.0,name,False
141579.jpg,141579,278: Duplo Playhouse,Duplo Playhouse,ok,278,Duplo Playhouse,1.0,name,False
141583.jpg,141583,282: Mini Marble Run,Mini Marble Run,ok,282,Mini Marble Run,1.0,name,False
141597.jpg,141597,299: Buildn Snail Pail,Buildn Snail Pail,ok,299,Buildn Snail Pail,1.0,name,False
141615.jpg,141615,317: Slide,Slide,ok,317,Slide,1.0,name,False
141619.jpg,141619,321: Felt Kids Deep Sea Diving,Felt Kids Deep Sea Diving,ok,321,Felt Kids Deep Sea Diving,1.0,name,False
141620.jpg,141620,322: Alligator See Saw,Alligator See Saw,ok,322,Alligator See Saw,1.0,name,False
141622.jpg,141622,324: Felt Kids Beach Party,Felt Kids Beach Party,ok,324,Felt Kids Beach Party,1.0,name,False
141642.jpg,141642,353: Western Play Fort,Western Play Fort,ok,353,Western Play Fort,1.0,name,False
141651.jpg,141651,369: Buzz About Mailbox,Buzz About Mailbox,ok,369,Buzz About Mailbox,1.0,name,False
141657.jpg,141657,381: Animal Baby Lotto,Animal Baby Lotto,ok,381,Animal Baby Lotto,1.0,name,False
141672.jpg,141672,396: Puzzle Blocks,Puzzle Blocks,ok,396,Puzzle Blocks,1.0,name,False
141674.jpg,141674,398: Cookie Monster Pots and Pans,Cookie Monster Pots and Pans,ok,398,Cookie Monster Pots and Pans,1.0,name,False
141675.jpg,141675,399: Poppity Pop Elephant,Poppity Pop Elephant,ok,399,Poppity Pop Elephant,1.0,name,False
141687.jpg,141687,413: Peekaboo blocks,Peekaboo blocks,ok,413,Peekaboo blocks,1.0,name,False
141689.jpg,141689,415: Electronic cash register,Electronic cash register,ok,415,Electronic cash register,1.0,name,False
141690.jpg,141690,416: Magnetic Farm Board,Magnetic Farm Board,ok,416,Magnetic Farm Board,1.0,name,False
141692.jpg,141692,418: Bob the Builders Playdough Activity Belt,Bob the Builders Playdough Activity Belt,ok,418,Bob the Builders Playdough Activity Belt,1.0,name,False
141697.jpg,141697,423: Dinoland Felt Montage,Dinoland Felt Montage,ok,423,Dinoland Felt Montage,1.0,name,False
141713.jpg,141713,441: Number Bugs,Number Bugs,ok,441,Number Bugs,1.0,name,False
141724.jpg,141724,452: Car Shape Sorter,Car Shape Sorter,ok,452,Car Shape Sorter,1.0,name,False
141749.jpg,141749,477: Chicco Table,Chicco Table,ok,477,Chicco Table,1.0,name,False
141752.jpg,141752,480: Rocking Pony,Rocking Pony,ok,480,Rocking Pony,1.0,name,False
141762.jpg,141762,490: Duplo - Airport Set,Duplo - Airport Set,ok,490,Duplo - Airport Set,1.0,name,False
141764.jpg,141764,492: Tolo Activity Centre,Tolo Activity Centre,ok,492,Tolo Activity Centre,1.0,name,False
141773.jpg,141773,502: Pop Onz - Build and Go Village,Pop Onz - Build and Go Village,ok,502,Pop Onz - Build and Go Village,1.0,name,False
141774.jpg,141774,503: Little Tikes Activity Table,Little Tikes Activity Table,ok,503,Little Tikes Activity Table,1.0,name,False
141777.jpg,141777,506: Katie Camper and Friends,Katie Camper and Friends,ok,506,Katie Camper and Friends,1.0,name,False
141779.jpg,141779,508: Hullabaloo,Hullabaloo,ok,508,Hullabaloo,1.0,name,False
141781.jpg,141781,510: Duplo Farm Set,Duplo Farm Set,ok,510,Duplo Farm Set,1.0,name,False
141782.jpg,141782,511: Lil Boating Fun,Lil Boating Fun,ok,511,Lil Boating Fun,1.0,name,False
141808.jpg,141808,538: Ultrasaucer,Ultrasaucer,ok,538,Ultrasaucer,1.0,name,False
141810.jpg,141810,540: Dinosaur Costume,Dinosaur Costume,ok,540,Dinosaur Costume,1.0,name,False
141817.jpg,141817,547: Tappy Turtle,Tappy Turtle,ok,547,Tappy Turtle,1.0,name,False
141820.jpg,141820,550: Activity Climber,Activity Climber,ok,550,Activity Climber,1.0,name,False
141823.jpg,141823,553: Black and Decker Electronic Workbench,Black and Decker Electronic Workbench,ok,553,Black and Decker Electronic Workbench,1.0,name,False
141824.jpg,141824,554: Fisher Price Learning Home,Fisher Price Learning Home,ok,554,Fisher Price Learning Home,1.0,name,False
141825.jpg,141825,555: Appleyard Riding Stable,Appleyard Riding Stable,ok,555,Appleyard Riding Stable,1.0,name,False
141827.jpg,141827,557: Big Jake Tractor and Trailer,Big Jake Tractor and Trailer,ok,557,Big Jake Tractor and Trailer,1.0,name,False
141832.jpg,141832,562: Time to Learn Preschool,Time to Learn Preschool,ok,562,Time to Learn Preschool,1.0,name,False
141834.jpg,141834,564: Cube Building Blocks,Cube Building Blocks,ok,564,Cube Building Blocks,1.0,name,False
141836.jpg,141836,566: Thomas and James Duplo Train Set,Thomas and James Duplo Train Set,ok,566,Thomas and James Duplo Train Set,1.0,name,False
141841.jpg,141841,571: Twirlin Whirlin Turtle,Twirlin Whirlin Turtle,ok,571,Twirlin Whirlin Turtle,1.0,name,False
141845.JPG,141845,575: Rocking Ark with Animal Blocks,Rocking Ark with Animal Blocks,ok,575,Rocking Ark with Animal Blocks,1.0,name,False
141873.jpg,141873,603: Little People - DumpTruck,Little People - DumpTruck,ok,603,Little People - DumpTruck,1.0,name,False
141878.jpg,141878,608: Junior Activity Park,Junior Activity Park,ok,608,Junior Activity Park,1.0,name,False
141880.jpg,141880,610: Leaping Lizards,Leaping Lizards,ok,610,Leaping Lizards,1.0,name,False
141881.jpg,141881,611: Discover Sounds - Stackin Pans,Discover Sounds - Stackin Pans,ok,611,Discover Sounds - Stackin Pans,1.0,name,False
141888.jpg,141888,618: Baby Grand Piano,Baby Grand Piano,ok,618,Baby Grand Piano,1.0,name,False
141890.jpg,141890,620: Thomas Bead Frame,Thomas Bead Frame,ok,620,Thomas Bead Frame,1.0,name,False
141891.jpg,141891,621: Post Office Play Set,Post Office Play Set,ok,621,Post Office Play Set,1.0,name,False
141898.jpg,141898,628: Thomas - Quarry Mine Tunnel Set,Thomas - Quarry Mine Tunnel Set,ok,628,Thomas - Quarry Mine Tunnel Set,1.0,name,False
1419.jpg,1419,404: File not found,,not_found,,,0.0,,
141906.jpg,141906,636: Connetrix,Connetrix,ok,636,Connetrix,1.0,name,False
141912.jpg,141912,642: Harry Copters Animal Rescue,Harry Copters Animal Rescue,ok,642,Harry Copters Animal Rescue,1.0,name,False
141915.jpg,141915,645: Tap Tap Animals,Tap Tap Animals,ok,645,Tap Tap Animals,1.0,name,False
141920.jpg,141920,650: Ironing Board and Iron,Ironing Board and Iron,ok,650,Ironing Board and Iron,1.0,name,False
141923.jpg,141923,653: Bounce and Spin Zebra,Bounce and Spin Zebra,ok,653,Bounce and Spin Zebra,1.0,name,False
141930.jpg,141930,660: Electronic Barbeque,Electronic Barbeque,ok,660,Electronic Barbeque,1.0,name,False
141943.jpg,141943,673: Black Motorbike,Black Motorbike,ok,673,Black Motorbike,1.0,name,False
141955.jpg,141955,685: Create a Car,Create a Car,ok,685,Create a Car,1.0,name,False
141960.jpg,141960,690: Learning Piggy Bank,Learning Piggy Bank,ok,690,Learning Piggy Bank,1.0,name,False
141963.jpg,141963,693: Popn Surprise Train,Popn Surprise Train,ok,693,Popn Surprise Train,1.0,name,False
141966.jpg,141966,696: Imaginext - Jungle,Imaginext - Jungle,ok,696,Imaginext - Jungle,1.0,name,False
141967.jpg,141967,697: Alphabet Lotto,Alphabet Lotto,ok,697,Alphabet Lotto,1.0,name,False
141968.jpg,141968,698: Numbers and Counting Dominoes,Numbers and Counting Dominoes,ok,698,Numbers and Counting Dominoes,1.0,name,False
141970.jpg,141970,700: Princess Elise - Magnetic Dressing Doll,Princess Elise - Magnetic Dressing Doll,ok,700,Princess Elise - Magnetic Dressing Doll,1.0,name,False
141977.jpg,141977,707: Hammer Balls,Hammer Balls,ok,707,Hammer Balls,1.0,name,False
141984.jpg,141984,714: Pound the Ball,Pound the Ball,ok,714,Pound the Ball,1.0,name,False
141985.jpg,141985,715: Number Cakes,Number Cakes,ok,715,Number Cakes,1.0,name,False
141990.jpg,141990,720: BIG plastic Kitchen,BIG plastic Kitchen,ok,720,BIG plastic Kitchen,1.0,name,False
141993.jpg,141993,723: Threading Tree,Threading Tree,ok,723,Threading Tree,1.0,name,False
141994.jpg,141994,724: CAT Tipping Dump Ride-on,CAT Tipping Dump Ride-on,ok,724,CAT Tipping Dump Ride-on,1.0,name,False
141998.jpg,141998,728: Junior Monopoly,Junior Monopoly,ok,728,Junior Monopoly,1.0,name,False
142.jpg,142,404: File not found,,not_found,,,0.0,,
142001.jpg,142001,731: Attribute Block Set (wooden),Attribute Block Set (wooden),ok,731,Attribute Block Set (wooden),1.0,name,False
142002.jpg,142002,732: Rescue Hero Avalanche,Rescue Hero Avalanche,ok,732,Rescue Hero Avalanche,1.0,name,False
142013.jpg,142013,743: Minitrac Cat Tipping Dumptruck 2,Minitrac Cat Tipping Dumptruck 2,ok,743,Minitrac Cat Tipping Dumptruck 2,1.0,name,False
142030.jpg,142030,761: Ride 2 Roll Scooter 2,Ride 2 Roll Scooter 2,ok,761,Ride 2 Roll Scooter 2,1.0,name,False
142034.jpg,142034,765: 2n1 Dump Truck,2n1 Dump Truck,ok,765,2n1 Dump Truck,1.0,name,False
142037.jpg,142037,768: Harvey Harvester,Harvey Harvester,ok,768,Harvey Harvester,1.0,name,False
142044.jpg,142044,775: Chutes and Ladders,Chutes and Ladders,ok,775,Chutes and Ladders,1.0,name,False
142046.JPG,142046,777: Table and chairs,Table and chairs,ok,777,Table and chairs,1.0,name,False
142047.jpg,142047,778: trampoline 3,trampoline 3,ok,778,trampoline 3,1.0,name,False
142049.jpg,142049,780: Animal Cottage,Animal Cottage,ok,780,Animal Cottage,1.0,name,False
142053.jpg,142053,784: Lego Jet Fuel Truck,Lego Jet Fuel Truck,ok,784,Lego Jet Fuel Truck,1.0,name,False
142056.jpg,142056,787: My Little Pony Fashion Fun,My Little Pony Fashion Fun,ok,787,My Little Pony Fashion Fun,1.0,name,False
142062.JPG,142062,794: Busy Park,Busy Park,ok,794,Busy Park,1.0,name,False
142063.jpg,142063,795: Transport Pathfinder,Transport Pathfinder,ok,795,Transport Pathfinder,1.0,name,False
142071.jpg,142071,803: Connect Four,Connect Four,ok,803,Connect Four,1.0,name,False
142076.jpg,142076,808: Road Signs,Road Signs,ok,808,Road Signs,1.0,name,False
142078.jpg,142078,810: 2 wheel scooter,2 wheel scooter,ok,810,2 wheel scooter,1.0,name,False
142085.jpg,142085,817: Walker Pram (without doll),Walker Pram (without doll),ok,817,Walker Pram (without doll),1.0,name,False
142086.jpg,142086,818: Viking Fire Truck,Viking Fire Truck,ok,818,Viking Fire Truck,1.0,name,False
142087.jpg,142087,819: Fisher-Price Airplane,Fisher-Price Airplane,ok,819,Fisher-Price Airplane,1.0,name,False
142092.jpg,142092,824: Busy Bouncing Zoo,Busy Bouncing Zoo,ok,824,Busy Bouncing Zoo,1.0,name,False
142097.jpg,142097,829: Fantasy World Block Puzzle,Fantasy World Block Puzzle,ok,829,Fantasy World Block Puzzle,1.0,name,False
142101.jpg,142101,833: Sonya Lee and Her Pet Salon,Sonya Lee and Her Pet Salon,ok,833,Sonya Lee and Her Pet Salon,1.0,name,False
142102.jpg,142102,834: Rush Hour Junior,Rush Hour Junior,ok,834,Rush Hour Junior,1.0,name,False
142105.jpg,142105,837: Sharon the Sheep,Sharon the Sheep,ok,837,Sharon the Sheep,1.0,name,False
142106.jpg,142106,838: CooCoo the Rocking Clown,CooCoo the Rocking Clown,ok,838,CooCoo the Rocking Clown,1.0,name,False
142107.jpg,142107,839: What a Performance,What a Performance,ok,839,What a Performance,1.0,name,False
142112.jpg,142112,844: Magnetico,Magnetico,ok,844,Magnetico,1.0,name,False
142115.jpg,142115,847: Pink Bead Frame,Pink Bead Frame,ok,847,Pink Bead Frame,1.0,name,False
142117.jpg,142117,849: Mixed Baby Toys #2,Mixed Baby Toys #2,ok,849,Mixed Baby Toys #2,1.0,name,False
142118.jpg,142118,850: Polar Bear Ball Slide,Polar Bear Ball Slide,ok,850,Polar Bear Ball Slide,1.0,name,False
142125.jpg,142125,857: Candy Land Game,Candy Land Game,ok,857,Candy Land Game,1.0,name,False
142135.jpg,142135,867: Shapes Board,Shapes Board,ok,867,Shapes Board,1.0,name,False
142139.jpg,142139,871: Pop up Turtle,Pop up Turtle,ok,871,Pop up Turtle,1.0,name,False
142142.jpg,142142,874: Mike the Mower,Mike the Mower,ok,874,Mike the Mower,1.0,name,False
142143.jpg,142143,875: Little People Ambulance,Little People Ambulance,ok,875,Little People Ambulance,1.0,name,False
142146.jpg,142146,878: Blocksters Block Spot,Blocksters Block Spot,ok,878,Blocksters Block Spot,1.0,name,False
142147.jpg,142147,879: Clipo Hippo,Clipo Hippo,ok,879,Clipo Hippo,1.0,name,False
142149.jpg,142149,881: Duplo Numbers Set,Duplo Numbers Set,ok,881,Duplo Numbers Set,1.0,name,False
142151.jpg,142151,883: Jungle of Fun,Jungle of Fun,ok,883,Jungle of Fun,1.0,name,False
142152.jpg,142152,884: Green Triang Trike,Green Triang Trike,ok,884,Green Triang Trike,1.0,name,False
142153.jpg,142153,885: Red Tandum Bike,Red Tandum Bike,ok,885,Red Tandum Bike,1.0,name,False
142157.jpg,142157,889: Felt Creations - Construction,Felt Creations - Construction,ok,889,Felt Creations - Construction,1.0,name,False
142158.jpg,142158,891: My Little Pony Room,My Little Pony Room,ok,891,My Little Pony Room,1.0,name,False
142160.jpg,142160,893: Little People Builders,Little People Builders,ok,893,Little People Builders,1.0,name,False
142169.jpg,142169,903: Baby Dress Up,Baby Dress Up,ok,903,Baby Dress Up,1.0,name,False
142170.jpg,142170,904: Pop Up Pirate,Pop Up Pirate,ok,904,Pop Up Pirate,1.0,name,False
142172.jpg,142172,906: Plasma Car,Plasma Car,ok,906,Plasma Car,1.0,name,False
142174.jpg,142174,908: Castle Logix,Castle Logix,ok,908,Castle Logix,1.0,name,False
142176.jpg,142176,910: Thomas - Rock and Roll Quarry Set,Thomas - Rock and Roll Quarry Set,ok,910,Thomas - Rock and Roll Quarry Set,1.0,name,False
142179.jpg,142179,913: Name That Country - Geography Game,Name That Country - Geography Game,ok,913,Name That Country - Geography Game,1.0,name,False
142182.jpg,142182,916: GeoSafari - Talking Microscope,GeoSafari - Talking Microscope,ok,916,GeoSafari - Talking Microscope,1.0,name,False
142185.jpg,142185,919: Switchback Racetrack,Switchback Racetrack,ok,919,Switchback Racetrack,1.0,name,False
142190.jpg,142190,924: Little People Stand n Play Ramp,Little People Stand n Play Ramp,ok,924,Little People Stand n Play Ramp,1.0,name,False
142192.jpg,142192,984: fold up Slide,fold up Slide,ok,984,fold up Slide,1.0,name,False
142195.jpg,142195,987: Aqualand,Aqualand,ok,987,Aqualand,1.0,name,False
142196.JPG,142196,988: Wooden Trolley,Wooden Trolley,ok,988,Wooden Trolley,1.0,name,False
142197.jpg,142197,989: Wooden MailBox,Wooden MailBox,ok,989,Wooden MailBox,1.0,name,False
142199.jpg,142199,1000: container ship,container ship,ok,1000,container ship,1.0,name,False
142204.jpg,142204,1006: Kazam Red Bike,Kazam Red Bike,ok,1006,Kazam Red Bike,1.0,name,False
142205.jpg,142205,1007: Feed the Frog Golf Set,Feed the Frog Golf Set,ok,1007,Feed the Frog Golf Set,1.0,name,False
142209.jpg,142209,1011: Duplo Rescue Set,Duplo Rescue Set,ok,1011,Duplo Rescue Set,1.0,name,False
142212.jpg,142212,1014: Train Magnets,Train Magnets,ok,1014,Train Magnets,1.0,name,False
142213.JPG,142213,1015: Push a long rainbow,Push a long rainbow,ok,1015,Push a long rainbow,1.0,name,False
142214.jpg,142214,1016: Best friends Playhouse,Best friends Playhouse,ok,1016,Best friends Playhouse,1.0,name,False
142216.jpg,142216,1018: Stand n Play Ramp,Stand n Play Ramp,ok,1018,Stand n Play Ramp,1.0,name,False
142219.jpg,142219,1021: Bloktown Airport,Bloktown Airport,ok,1021,Bloktown Airport,1.0,name,False
142223.jpg,142223,1027: Girls Helmet,Girls Helmet,ok,1027,Girls Helmet,1.0,name,False
142224.jpg,142224,1028: Harold Helicopter,Harold Helicopter,ok,1028,Harold Helicopter,1.0,name,False
142230.jpg,142230,1035: Clippo Animals,Clippo Animals,ok,1035,Clippo Animals,1.0,name,False
142231.jpg,142231,1036: Fisher Price Ark,Fisher Price Ark,ok,1036,Fisher Price Ark,1.0,name,False
142232.jpg,142232,1037: Push & Go Turtle,Push & Go Turtle,ok,1037,Push & Go Turtle,1.0,name,False
142233.jpg,142233,1038: Baby Jukebox,Baby Jukebox,ok,1038,Baby Jukebox,1.0,name,False
142236.jpg,142236,1043: Firetruck,Firetruck,ok,1043,Firetruck,1.0,name,False
142237.jpg,142237,1044: Giraffe costume,Giraffe costume,ok,1044,Giraffe costume,1.0,name,False
142238.jpg,142238,1045: Hey Thats My Fish,Hey Thats My Fish,ok,1045,Hey Thats My Fish,1.0,name,False
142240.jpg,142240,1047: Kids of Catan,Kids of Catan,ok,1047,Kids of Catan,1.0,name,False
142241.jpg,142241,1048: Brain Box ABC,Brain Box ABC,ok,1048,Brain Box ABC,1.0,name,False
142242.jpg,142242,1049: You Robot,You Robot,ok,1049,You Robot,1.0,name,False
142243.jpg,142243,1050: First Hand,First Hand,ok,1050,First Hand,1.0,name,False
142248.jpg,142248,1055: Mega Blocks Work Bench,Mega Blocks Work Bench,ok,1055,Mega Blocks Work Bench,1.0,name,False
142249.jpg,142249,1056: Fisher Price Fun town railway,Fisher Price Fun town railway,ok,1056,Fisher Price Fun town railway,1.0,name,False
142251.jpg,142251,1058: Little people building blocks,Little people building blocks,ok,1058,Little people building blocks,1.0,name,False
142255.jpg,142255,1062: Kids of Carcassonne,Kids of Carcassonne,ok,1062,Kids of Carcassonne,1.0,name,False
142256.jpg,142256,1063: Rivers Roads & Rails,Rivers Roads & Rails,ok,1063,Rivers Roads & Rails,1.0,name,False
142258.jpg,142258,1065: Wooden Lacing Shoe,Wooden Lacing Shoe,ok,1065,Wooden Lacing Shoe,1.0,name,False
142259.jpg,142259,1066: Shopping list,Shopping list,ok,1066,Shopping list,1.0,name,False
142261.jpg,142261,1068: Can You See What I See,Can You See What I See,ok,1068,Can You See What I See,1.0,name,False
142262.jpg,142262,1069: Yellow Helmet,Yellow Helmet,ok,1069,Yellow Helmet,1.0,name,False
142263.jpg,142263,1070: Fisher Price Train Set,Fisher Price Train Set,ok,1070,Fisher Price Train Set,1.0,name,False
142265.jpg,142265,1072: Pink Wooden Train Set,Pink Wooden Train Set,ok,1072,Pink Wooden Train Set,1.0,name,False
142269.jpg,142269,1076: Duplo Cake Set,Duplo Cake Set,ok,1076,Duplo Cake Set,1.0,name,False
142270.JPG,142270,1077: Wooden Tool Trolley,Wooden Tool Trolley,ok,1077,Wooden Tool Trolley,1.0,name,False
142272.jpg,142272,1079: Weplay Blocks,Weplay Blocks,ok,1079,Weplay Blocks,1.0,name,False
142274.jpg,142274,1081: Fairy Costume,Fairy Costume,ok,1081,Fairy Costume,1.0,name,False
142278.jpg,142278,1085: Little Tikes Sports and Slide,Little Tikes Sports and Slide,ok,1085,Little Tikes Sports and Slide,1.0,name,False
142279.jpg,142279,1086: Giant Spinning Top,Giant Spinning Top,ok,1086,Giant Spinning Top,1.0,name,False
142281.jpg,142281,1088: Pink Scooter,Pink Scooter,ok,1088,Pink Scooter,1.0,name,False
142282.jpg,142282,1089: Princess Elise Magnetic Dress Up,Princess Elise Magnetic Dress Up,ok,1089,Princess Elise Magnetic Dress Up,1.0,name,False
142283.jpg,142283,1090: Junior Bouncer Trampoline,Junior Bouncer Trampoline,ok,1090,Junior Bouncer Trampoline,1.0,name,False
142284.jpg,142284,1091: Baby Bouncer Tiny Love,Baby Bouncer Tiny Love,ok,1091,Baby Bouncer Tiny Love,1.0,name,False
142289.jpg,142289,1096: FM Radio,FM Radio,ok,1096,FM Radio,1.0,name,False
142290.jpg,142290,1097: Little Tikes Wagon,Little Tikes Wagon,ok,1097,Little Tikes Wagon,1.0,name,False
142291.jpg,142291,1098: Duplo Supermarket-Cafe,Duplo Supermarket-Cafe,ok,1098,Duplo Supermarket-Cafe,1.0,name,False
142292.jpg,142292,1099: Playskool Magic Tea Party,Playskool Magic Tea Party,ok,1099,Playskool Magic Tea Party,1.0,name,False
142293.jpg,142293,1100: Cozy Coupe Shopping Cart,Cozy Coupe Shopping Cart,ok,1100,Cozy Coupe Shopping Cart,1.0,name,False
142295.jpg,142295,1102: Ice Cream Parlour,Ice Cream Parlour,ok,1102,Ice Cream Parlour,1.0,name,False
142296.jpg,142296,1103: Step 2 Rollercoaster,Step 2 Rollercoaster,ok,1103,Step 2 Rollercoaster,1.0,name,False
142297.jpg,142297,1104: Step 2 Cafe Barista,Step 2 Cafe Barista,ok,1104,Step 2 Cafe Barista,1.0,name,False
142300.jpg,142300,1107: Healthy Salad,Healthy Salad,ok,1107,Healthy Salad,1.0,name,False
142304.jpg,142304,1111: Clippo,Clippo,ok,1111,Clippo,1.0,name,False
142308.jpg,142308,1119: Little tikes Car Carrier,Little tikes Car Carrier,ok,1119,Little tikes Car Carrier,1.0,name,False
142311.jpg,142311,1122: Wooden Microwave,Wooden Microwave,ok,1122,Wooden Microwave,1.0,name,False
142313.jpg,142313,1124: Magnetic Counting Set - Numbers,Magnetic Counting Set - Numbers,ok,1124,Magnetic Counting Set - Numbers,1.0,name,False
142320.jpg,142320,1132: Little Tikes Golf Set,Little Tikes Golf Set,ok,1132,Little Tikes Golf Set,1.0,name,False
142321.jpg,142321,1133: Little People School Bus,Little People School Bus,ok,1133,Little People School Bus,1.0,name,False
142323.jpg,142323,1135: Menagerie,Menagerie,ok,1135,Menagerie,1.0,name,False
142324.jpg,142324,1136: Tell the time game,Tell the time game,ok,1136,Tell the time game,1.0,name,False
142325.jpg,142325,1137: Junior Alpha Animals,Junior Alpha Animals,ok,1137,Junior Alpha Animals,1.0,name,False
142327.jpg,142327,1139: Bill Bells Busy Puzzles for kids,Bill Bells Busy Puzzles for kids,ok,1139,Bill Bells Busy Puzzles for kids,1.0,name,False
142328.jpg,142328,1141: Step 2 Folding slide,Step 2 Folding slide,ok,1141,Step 2 Folding slide,1.0,name,False
142329.jpg,142329,1142: Polydron Giant Set,Polydron Giant Set,ok,1142,Polydron Giant Set,1.0,name,False
142331.jpg,142331,1144: Pounce,Pounce,ok,1144,Pounce,1.0,name,False
142335.jpg,142335,1148: Olifu Balance Disc,Olifu Balance Disc,ok,1148,Olifu Balance Disc,1.0,name,False
142336.jpeg,142336,1149: Duplo House,Duplo House,ok,1149,Duplo House,1.0,name,False
142337.jpg,142337,1150: Little Tikes Ball Drop Water Table,Little Tikes Ball Drop Water Table,ok,1150,Little Tikes Ball Drop Water Table,1.0,name,False
142341.jpg,142341,1155: Fisher Price Letters Postbox,Fisher Price Letters Postbox,ok,1155,Fisher Price Letters Postbox,1.0,name,False
142344.jpg,142344,1158: Shapes Picnic Basket,Shapes Picnic Basket,ok,1158,Shapes Picnic Basket,1.0,name,False
142345.jpg,142345,1159: Lightning McQueen Racing Suit,Lightning McQueen Racing Suit,ok,1159,Lightning McQueen Racing Suit,1.0,name,False
142347.jpg,142347,1161: Balls,Balls,ok,1161,Balls,1.0,name,False
142348.jpg,142348,1162: WOW PLAYSET,WOW PLAYSET,ok,1162,WOW PLAYSET,1.0,name,False
142350.jpg,142350,1164: Melissa & Doug Latches Board,Melissa & Doug Latches Board,ok,1164,Melissa & Doug Latches Board,1.0,name,False
142352.jpg,142352,1166: Melissa & Doug Basic Skills Board,Melissa & Doug Basic Skills Board,ok,1166,Melissa & Doug Basic Skills Board,1.0,name,False
142355.jpg,142355,1169: Interactive Farm,Interactive Farm,ok,1169,Interactive Farm,1.0,name,False
142360.jpg,142360,1174: Cutting Food Set,Cutting Food Set,ok,1174,Cutting Food Set,1.0,name,False
142363.jpg,142363,1177: Family speed boat,Family speed boat,ok,1177,Family speed boat,1.0,name,False
142365.jpg,142365,1180: Little People Farm,Little People Farm,ok,1180,Little People Farm,1.0,name,False
142368.jpg,142368,1183: Superman costume,Superman costume,ok,1183,Superman costume,1.0,name,False
142369.jpg,142369,1184: Teenage Mutant Ninja Turtles Costume,Teenage Mutant Ninja Turtles Costume,ok,1184,Teenage Mutant Ninja Turtles Costume,1.0,name,False
142373.jpg,142373,1188: trampoline,trampoline,ok,1188,trampoline,1.0,name,False
142374.jpg,142374,1190: Calendar,Calendar,ok,1190,Calendar,1.0,name,False
142375.jpg,142375,1191: Big Wheel Scooter,Big Wheel Scooter,ok,1191,Big Wheel Scooter,1.0,name,False
142381.jpg,142381,1197: Stroller- front swivel wheel,Stroller- front swivel wheel,ok,1197,Stroller- front swivel wheel,1.0,name,False
142383.jpg,142383,1199: Thomas Trains Set,Thomas Trains Set,ok,1199,Thomas Trains Set,1.0,name,False
142387.jpg,142387,1203: Police Plane Pete,Police Plane Pete,ok,1203,Police Plane Pete,1.0,name,False
142390.jpg,142390,1206: Fire engine Flynn-take n play,Fire engine Flynn-take n play,ok,1206,Fire engine Flynn-take n play,1.0,name,False
142392.jpg,142392,1208: Thomas Shark Exhibit- take n play,Thomas Shark Exhibit- take n play,ok,1208,Thomas Shark Exhibit- take n play,1.0,name,False
142398.jpg,142398,1214: Dora Bath Doll,Dora Bath Doll,ok,1214,Dora Bath Doll,1.0,name,False
142399.jpg,142399,1215: Marios Pizza,Marios Pizza,ok,1215,Marios Pizza,1.0,name,False
1424.jpg,1424,404: File not found,,not_found,,,0.0,,
142400.jpg,142400,1216: Mike the Knight bath Toy,Mike the Knight bath Toy,ok,1216,Mike the Knight bath Toy,1.0,name,False
142401.jpg,142401,1217: Butterfly Stacking Block Puzzle,Butterfly Stacking Block Puzzle,ok,1217,Butterfly Stacking Block Puzzle,1.0,name,False
142402.jpg,142402,1218: Enigma Puzzle,Enigma Puzzle,ok,1218,Enigma Puzzle,1.0,name,False
142404.jpg,142404,1220: Pop to the shops,Pop to the shops,ok,1220,Pop to the shops,1.0,name,False
142406.jpg,142406,1222: Exersaucer Jungle,Exersaucer Jungle,ok,1222,Exersaucer Jungle,1.0,name,False
142408.jpg,142408,1224: Bus stop,Bus stop,ok,1224,Bus stop,1.0,name,False
142410.JPG,142410,1226: Teddy bear cake tin,Teddy bear cake tin,ok,1226,Teddy bear cake tin,1.0,name,False
142411.JPG,142411,1227: Car Cake tin,Car Cake tin,ok,1227,Car Cake tin,1.0,name,False
142412.JPG,142412,1228: Dolly Varden cake tin,Dolly Varden cake tin,ok,1228,Dolly Varden cake tin,1.0,name,False
142413.JPG,142413,1229: Letters cake tin,Letters cake tin,ok,1229,Letters cake tin,1.0,name,False
142414.JPG,142414,1230: Crown Cake tin,Crown Cake tin,ok,1230,Crown Cake tin,1.0,name,False
142415.JPG,142415,1231: Handbag cake tin,Handbag cake tin,ok,1231,Handbag cake tin,1.0,name,False
142416.jpg,142416,1232: Wavy Tactile Path,Wavy Tactile Path,ok,1232,Wavy Tactile Path,1.0,name,False
142417.jpg,142417,1233: Wedgit Deluxe set,Wedgit Deluxe set,ok,1233,Wedgit Deluxe set,1.0,name,False
142419.jpg,142419,1235: Cozy Pumper,Cozy Pumper,ok,1235,Cozy Pumper,1.0,name,False
142420.jpg,142420,1236: Floor Surfer,Floor Surfer,ok,1236,Floor Surfer,1.0,name,False
142421.jpg,142421,1237: scooter board,scooter board,ok,1237,scooter board,1.0,name,False
142422.jpg,142422,1238: Giant sand digger,Giant sand digger,ok,1238,Giant sand digger,1.0,name,False
142424.jpg,142424,1240: Rocking Bowl,Rocking Bowl,ok,1240,Rocking Bowl,1.0,name,False
142425.jpg,142425,1241: green weplay roll,green weplay roll,ok,1241,green weplay roll,1.0,name,False
142426.jpg,142426,1242: Magna Tiles,Magna Tiles,ok,1242,Magna Tiles,1.0,name,False
142427.jpg,142427,1243: sit and spin,sit and spin,ok,1243,sit and spin,1.0,name,False
142428.jpg,142428,1244: whirlee,whirlee,ok,1244,whirlee,1.0,name,False
142429.JPG,142429,1245: Table and chaiirs,Table and chaiirs,ok,1245,Table and chaiirs,1.0,name,False
142430.jpg,142430,1246: Tumblekins Fire Station,Tumblekins Fire Station,ok,1246,Tumblekins Fire Station,1.0,name,False
142433.jpg,142433,1249: Junior Labyrinth,Junior Labyrinth,ok,1249,Junior Labyrinth,1.0,name,False
142434.jpg,142434,1250: Bilibo,Bilibo,ok,1250,Bilibo,1.0,name,False
142435.jpg,142435,1251: Firetruck,Firetruck,ok,1043,Firetruck,1.0,name,False
142436.jpg,142436,1252: first steps babywalker,first steps babywalker,ok,1252,first steps babywalker,1.0,name,False
142439.jpg,142439,1255: Jungle Animal Dominoes,Jungle Animal Dominoes,ok,1255,Jungle Animal Dominoes,1.0,name,False
142442.jpg,142442,1258: Tell the time,Tell the time,ok,1258,Tell the time,1.0,name,False
142444.jpg,142444,1260: Poppys Pony Adventure,Poppys Pony Adventure,ok,1260,Poppys Pony Adventure,1.0,name,False
142445.jpg,142445,1261: 3rd Man rebound Net,3rd Man rebound Net,ok,1261,3rd Man rebound Net,1.0,name,False
142446.JPG,142446,1262: Trampoline,Trampoline,ok,1188,trampoline,1.0,name,False
142449.jpg,142449,1265: Crazy Fort,Crazy Fort,ok,1265,Crazy Fort,1.0,name,False
142450.jpg,142450,1266: rebound net,rebound net,ok,1266,rebound net,1.0,name,False
142452.jpg,142452,1268: Doc Mcstuffins dressup,Doc Mcstuffins dressup,ok,1268,Doc Mcstuffins dressup,1.0,name,False
142454.jpg,142454,1270: Klip Klop fisher price,Klip Klop fisher price,ok,1270,Klip Klop fisher price,1.0,name,False
142462.jpg,142462,1278: Farm sounds block,Farm sounds block,ok,1278,Farm sounds block,1.0,name,False
142466.jpg,142466,1282: Micki Pram,Micki Pram,ok,1282,Micki Pram,1.0,name,False
142470.jpg,142470,1287: Battleship,Battleship,ok,1287,Battleship,1.0,name,False
142472.jpg,142472,1289: My little Pony Rainbow Helicopter,My little Pony Rainbow Helicopter,ok,1289,My little Pony Rainbow Helicopter,1.0,name,False
142474.jpg,142474,1291: Buckaroo,Buckaroo,ok,1291,Buckaroo,1.0,name,False
142475.jpg,142475,1292: Radio Flyer Roller Coaster,Radio Flyer Roller Coaster,ok,1292,Radio Flyer Roller Coaster,1.0,name,False
142479.jpg,142479,1296: Plus plus,Plus plus,ok,1296,Plus plus,1.0,name,False
142480.jpg,142480,1297: Super chef kitchen,Super chef kitchen,ok,1297,Super chef kitchen,1.0,name,False
142482.jpg,142482,1299: Blu Track,Blu Track,ok,1299,Blu Track,1.0,name,False
142485.jpg,142485,1302: Bowling Monkeys,Bowling Monkeys,ok,1302,Bowling Monkeys,1.0,name,False
142487.jpg,142487,1304: Sandpit toys,Sandpit toys,ok,1304,Sandpit toys,1.0,name,False
142488.jpg,142488,1305: Peg Board,Peg Board,ok,1305,Peg Board,1.0,name,False
142489.jpg,142489,1306: reptangles,reptangles,ok,1306,reptangles,1.0,name,False
142492.jpg,142492,1309: crocodile push and play,crocodile push and play,ok,1309,crocodile push and play,1.0,name,False
142493.jpg,142493,1310: activity triangle,activity triangle,ok,1310,activity triangle,1.0,name,False
142495.jpg,142495,1312: clock stacker,clock stacker,ok,1312,clock stacker,1.0,name,False
142496.jpg,142496,1313: Kicking Giraffe,Kicking Giraffe,ok,1313,Kicking Giraffe,1.0,name,False
142498.jpg,142498,1315: dress up tree house,dress up tree house,ok,1315,dress up tree house,1.0,name,False
142499.jpg,142499,1316: tri bike,tri bike,ok,1316,tri bike,1.0,name,False
142510.jpg,142510,1327: spot it!,spot it!,ok,1327,spot it!,1.0,name,False
142513.jpg,142513,1330: Wooden Transport Set,Wooden Transport Set,ok,1330,Wooden Transport Set,1.0,name,False
142514.jpg,142514,1331: fire station set,fire station set,ok,1331,fire station set,1.0,name,False
142515.jpg,142515,1332: leap pad purple,leap pad purple,ok,1332,leap pad purple,1.0,name,False
142517.jpg,142517,1334: Tiny Tot Driver,Tiny Tot Driver,ok,1334,Tiny Tot Driver,1.0,name,False
142518.jpg,142518,1335: Crazy colours torch,Crazy colours torch,ok,1335,Crazy colours torch,1.0,name,False
142519.jpg,142519,1336: Fire chief costume,Fire chief costume,ok,1336,Fire chief costume,1.0,name,False
142520.jpg,142520,"1337: balance bike, Blue, Eurotrike","balance bike, Blue, Eurotrike",ok,1337,"balance bike, Blue, Eurotrike",1.0,name,False
142521.jpg,142521,1338: ride-on tcv green,ride-on tcv green,ok,1338,ride-on tcv green,1.0,name,False
142522.jpg,142522,1339: Tummy ache game,Tummy ache game,ok,1339,Tummy ache game,1.0,name,False
142523.jpg,142523,1340: Find It - Starry Night,Find It - Starry Night,ok,1340,Find It - Starry Night,1.0,name,False
142524.jpg,142524,1341: Rainbow hand bells,Rainbow hand bells,ok,1341,Rainbow hand bells,1.0,name,False
142525.jpg,142525,1342: 5 rabbit peg puzzle,5 rabbit peg puzzle,ok,1342,5 rabbit peg puzzle,1.0,name,False
142526.jpg,142526,1343: 9 animal wooden peg puzzle,9 animal wooden peg puzzle,ok,1343,9 animal wooden peg puzzle,1.0,name,False
142528.jpg,142528,1345: 3 diggers chunky puzzle,3 diggers chunky puzzle,ok,1345,3 diggers chunky puzzle,1.0,name,False
142529.jpg,142529,1346: Flip n Tip Fred,Flip n Tip Fred,ok,1346,Flip n Tip Fred,1.0,name,False
142531.jpg,142531,1348: washing machine,washing machine,ok,1348,washing machine,1.0,name,False
142533.jpg,142533,1350: scramble play soft blocks,scramble play soft blocks,ok,1350,scramble play soft blocks,1.0,name,False
142535.jpg,142535,1352: push and go cheetah,push and go cheetah,ok,1352,push and go cheetah,1.0,name,False
142536.jpg,142536,1353: leapfrog house,leapfrog house,ok,1353,leapfrog house,1.0,name,False
142537.jpg,142537,1354: lamaze bug,lamaze bug,ok,1354,lamaze bug,1.0,name,False
142539.jpg,142539,1356: brainbox absolute electronics kit,brainbox absolute electronics kit,ok,1356,brainbox absolute electronics kit,1.0,name,False
142540.jpg,142540,1357: BrainBox car and boat kit,BrainBox car and boat kit,ok,1357,BrainBox car and boat kit,1.0,name,False
142541.jpg,142541,1358: Leap Frog Fridge Phonics,Leap Frog Fridge Phonics,ok,1358,Leap Frog Fridge Phonics,1.0,name,False
142548.jpg,142548,J5: Number Owl Puzzle,Number Owl Puzzle,ok,J5,Number Owl Puzzle,1.0,name,False
142552.jpg,142552,J9: Everday Life Puzzle (knobs),Everday Life Puzzle (knobs),ok,J9,Everday Life Puzzle (knobs),1.0,name,False
142555.jpg,142555,J12: Maori Numbers 1-5,Maori Numbers 1-5,ok,J12,Maori Numbers 1-5,1.0,name,False
142583.jpg,142583,J48: Petrol Station Stand Up,Petrol Station Stand Up,ok,J48,Petrol Station Stand Up,1.0,name,False
142586.jpg,142586,J55: Tugboat,Tugboat,ok,J55,Tugboat,1.0,name,False
142588.jpg,142588,J58: Four Seasons -4 layers,Four Seasons -4 layers,ok,J58,Four Seasons -4 layers,1.0,name,False
142589.jpg,142589,J59: Dog with ball,Dog with ball,ok,J59,Dog with ball,1.0,name,False
142593.jpg,142593,J65: Roadworks,Roadworks,ok,J65,Roadworks,1.0,name,False
142594.jpg,142594,J66: Big Fish,Big Fish,ok,J66,Big Fish,1.0,name,False
142597.jpg,142597,J71: Night Cats,Night Cats,ok,J71,Night Cats,1.0,name,False
142598.jpg,142598,J72: School Tray Puzzle,School Tray Puzzle,ok,J72,School Tray Puzzle,1.0,name,False
1426.jpg,1426,404: File not found,,not_found,,,0.0,,
142600.jpg,142600,J74: Fire Tray puzzle,Fire Tray puzzle,ok,J74,Fire Tray puzzle,1.0,name,False
142614.jpg,142614,J89: Dog/Cat/Pig,Dog/Cat/Pig,ok,J89,Dog/Cat/Pig,1.0,name,False
142617.jpg,142617,J93: Dolphin,Dolphin,ok,J93,Dolphin,1.0,name,False
142622.jpg,142622,J98: Farm Animals and Offspring,Farm Animals and Offspring,ok,J98,Farm Animals and Offspring,1.0,name,False
142628.jpg,142628,J108: Months and Seasons,Months and Seasons,ok,J108,Months and Seasons,1.0,name,False
142634.jpg,142634,J114: Funny Frogs,Funny Frogs,ok,J114,Funny Frogs,1.0,name,False
142636.jpg,142636,J116: Spider textured,Spider textured,ok,J116,Spider textured,1.0,name,False
142643.jpg,142643,J126: Tactile Match Ups,Tactile Match Ups,ok,J126,Tactile Match Ups,1.0,name,False
142647.jpg,142647,J130: Composed Matching Board,Composed Matching Board,ok,J130,Composed Matching Board,1.0,name,False
142648.jpg,142648,J131: Girl Getting Dressed #1,Girl Getting Dressed #1,ok,J131,Girl Getting Dressed #1,1.0,name,False
142652.jpg,142652,J135: Inside Story Market Stall,Inside Story Market Stall,ok,J135,Inside Story Market Stall,1.0,name,False
142653.jpg,142653,J136: Flight Puzzle,Flight Puzzle,ok,J136,Flight Puzzle,1.0,name,False
142659.jpg,142659,J142: Life Cycle of a Frog,Life Cycle of a Frog,ok,J142,Life Cycle of a Frog,1.0,name,False
142661.jpg,142661,J144: Papu Hau Fraction Board,Papu Hau Fraction Board,ok,J144,Papu Hau Fraction Board,1.0,name,False
142662.jpg,142662,J146: World Map Jigsaw,World Map Jigsaw,ok,J146,World Map Jigsaw,1.0,name,False
142663.jpg,142663,J147: Dinosaur Discovery,Dinosaur Discovery,ok,J147,Dinosaur Discovery,1.0,name,False
142673.jpg,142673,J157: Ocean floor puzzle,Ocean floor puzzle,ok,J157,Ocean floor puzzle,1.0,name,False
142675.jpg,142675,J159: My Ships Floor Puzzle,My Ships Floor Puzzle,ok,J159,My Ships Floor Puzzle,1.0,name,False
142679.jpg,142679,J163: 1-2-3 puzzle,1-2-3 puzzle,ok,J163,1-2-3 puzzle,1.0,name,False
142687.jpg,142687,J171: Backyard Bugs Floor Puzzle,Backyard Bugs Floor Puzzle,ok,J171,Backyard Bugs Floor Puzzle,1.0,name,False
142695.jpg,142695,J179: Alphabet Road Puzzle,Alphabet Road Puzzle,ok,J179,Alphabet Road Puzzle,1.0,name,False
142696.jpg,142696,J180: Train Tray Puzzle,Train Tray Puzzle,ok,J180,Train Tray Puzzle,1.0,name,False
142703.jpg,142703,J188: In the Countryside Floor Puzzle,In the Countryside Floor Puzzle,ok,J188,In the Countryside Floor Puzzle,1.0,name,False
142704.jpg,142704,J189: Silly Silly Sea 2-sided Floor Puzzle,Silly Silly Sea 2-sided Floor Puzzle,ok,J189,Silly Silly Sea 2-sided Floor Puzzle,1.0,name,False
142706.jpg,142706,J191: Country/Town Mouse Puzzle (70 piece),Country/Town Mouse Puzzle (70 piece),ok,J191,Country/Town Mouse Puzzle (70 piece),1.0,name,False
142707.jpg,142707,J192: Tough Truck Floor Puzzle (50),Tough Truck Floor Puzzle (50),ok,J192,Tough Truck Floor Puzzle (50),1.0,name,False
142708.jpg,142708,J193: Giant Digger (30),Giant Digger (30),ok,J193,Giant Digger (30),1.0,name,False
142710.jpg,142710,J195: Gingerbread House (35),Gingerbread House (35),ok,J195,Gingerbread House (35),1.0,name,False
142713.jpg,142713,J198: Seashore (150),Seashore (150),ok,J198,Seashore (150),1.0,name,False
142714.jpg,142714,J199: Emergency Double-sided Puzzle (46),Emergency Double-sided Puzzle (46),ok,J199,Emergency Double-sided Puzzle (46),1.0,name,False
142717.jpg,142717,J202: Machines (3x 3pce),Machines (3x 3pce),ok,J202,Machines (3x 3pce),1.0,name,False
142720.jpg,142720,J205: Endangered species,Endangered species,ok,J205,Endangered species,1.0,name,False
142722.jpg,142722,J207: Map of the Solar System (104),Map of the Solar System (104),ok,J207,Map of the Solar System (104),1.0,name,False
142727.jpg,142727,J212: World Atlas,World Atlas,ok,J212,World Atlas,1.0,name,False
142733.jpg,142733,J218: Shaped Pirate Puzzle,Shaped Pirate Puzzle,ok,J218,Shaped Pirate Puzzle,1.0,name,False
142734.jpg,142734,J219: Find the Rhyme (50),Find the Rhyme (50),ok,J219,Find the Rhyme (50),1.0,name,False
142737.jpg,142737,J222: World of Flags (140),World of Flags (140),ok,J222,World of Flags (140),1.0,name,False
142742.jpg,142742,J227: Wooden New Zealand Map,Wooden New Zealand Map,ok,J227,Wooden New Zealand Map,1.0,name,False
142748.jpg,142748,J233: train puzzle,train puzzle,ok,J233,train puzzle,1.0,name,False
142749.jpg,142749,J234: Wooden Transportation Puzzle,Wooden Transportation Puzzle,ok,J234,Wooden Transportation Puzzle,1.0,name,False
142755.jpg,142755,J241: Wooden Shapes,Wooden Shapes,ok,J241,Wooden Shapes,1.0,name,False
142756.jpg,142756,J242: Wooden Number Puzzle,Wooden Number Puzzle,ok,J242,Wooden Number Puzzle,1.0,name,False
142761.jpg,142761,J247: Giraffe 123 and ABC,Giraffe 123 and ABC,ok,J247,Giraffe 123 and ABC,1.0,name,False
142766.jpg,142766,J252: Big Wheels Puzzle,Big Wheels Puzzle,ok,J252,Big Wheels Puzzle,1.0,name,False
142768.jpg,142768,J254: Rory Puzzle,Rory Puzzle,ok,J254,Rory Puzzle,1.0,name,False
142770.jpg,142770,J256: Cube Transport puzzle,Cube Transport puzzle,ok,J256,Cube Transport puzzle,1.0,name,False
142773.jpg,142773,J259: Noahs Ark Puzzle 2,Noahs Ark Puzzle 2,ok,J259,Noahs Ark Puzzle 2,1.0,name,False
142775.jpg,142775,J261: sea life Puzzle,sea life Puzzle,ok,J261,sea life Puzzle,1.0,name,False
142776.jpg,142776,J262: 4 Animals puzzle,4 Animals puzzle,ok,J262,4 Animals puzzle,1.0,name,False
142777.jpg,142777,J263: Children of the World puzzle,Children of the World puzzle,ok,J263,Children of the World puzzle,1.0,name,False
142780.jpg,142780,J266: Animals of the world,Animals of the world,ok,J266,Animals of the world,1.0,name,False
142782.jpg,142782,J268: lion king,lion king,ok,J268,lion king,1.0,name,False
142788.jpg,142788,J275: NZ Jigsaw,NZ Jigsaw,ok,J275,NZ Jigsaw,1.0,name,False
142790.jpg,142790,J277: Animal A to Z,Animal A to Z,ok,J277,Animal A to Z,1.0,name,False
142792.jpg,142792,J279: Wooden Snail Puzzle,Wooden Snail Puzzle,ok,J279,Wooden Snail Puzzle,1.0,name,False
142793.jpg,142793,J280: Solar System,Solar System,ok,J280,Solar System,1.0,name,False
142795.jpg,142795,J282: Little Monkey,Little Monkey,ok,J282,Little Monkey,1.0,name,False
1428.jpg,1428,404: File not found,,not_found,,,0.0,,
142802.jpg,142802,J767: Rooster,Rooster,ok,J767,Rooster,1.0,name,False
142803.jpg,142803,J768: Wooden Block Jigsaws,Wooden Block Jigsaws,ok,J768,Wooden Block Jigsaws,1.0,name,False
142808.jpg,142808,J1151: Barbie  Spring Thing Puzzle,Barbie  Spring Thing Puzzle,ok,J1151,Barbie  Spring Thing Puzzle,1.0,name,False
142886.jpg,142886,1363: Duplo farm,Duplo farm,ok,1363,Duplo farm,1.0,name,False
142887.jpg,142887,1364: Snakes and ladders,Snakes and ladders,ok,1364,Snakes and ladders,1.0,name,False
142888.jpg,142888,1365: Big building blocks,Big building blocks,ok,1365,Big building blocks,1.0,name,False
142895.jpg,142895,528: Wooden tool Set,Wooden tool Set,ok,528,Wooden tool Set,1.0,name,False
142897.jpg,142897,2: Bouncy Castle,Bouncy Castle,ok,2,Bouncy Castle,1.0,name,False
142898.jpg,142898,1359: Ride on Thomas,Ride on Thomas,ok,1359,Ride on Thomas,1.0,name,False
142902.jpg,142902,7: Superhero costume,Superhero costume,ok,7,Superhero costume,1.0,name,False
142907.jpg,142907,12: Pink Barbie helmet,Pink Barbie helmet,ok,12,Pink Barbie helmet,1.0,name,False
142908.jpg,142908,13: Pull along chicken,Pull along chicken,ok,13,Pull along chicken,1.0,name,False
142909.jpg,142909,15: Baby fun time,Baby fun time,ok,15,Baby fun time,1.0,name,False
142910.jpg,142910,J18: Dinosaur alphabet and number puzzle,Dinosaur alphabet and number puzzle,ok,J18,Dinosaur alphabet and number puzzle,1.0,name,False
142911.jpg,142911,18: Bean bag games,Bean bag games,ok,18,Bean bag games,1.0,name,False
142912.jpg,142912,19: Big basketball stand,Big basketball stand,ok,19,Big basketball stand,1.0,name,False
142914.jpg,142914,21: Little people helicopter,Little people helicopter,ok,21,Little people helicopter,1.0,name,False
142915.jpg,142915,22: Wooden chunky train,Wooden chunky train,ok,22,Wooden chunky train,1.0,name,False
142916.jpg,142916,26: Wooden chunky train 2,Wooden chunky train 2,ok,26,Wooden chunky train 2,1.0,name,False
142917.jpg,142917,27: Wooden chunky tractor,Wooden chunky tractor,ok,27,Wooden chunky tractor,1.0,name,False
142919.jpg,142919,31: Crane,Crane,ok,31,Crane,1.0,name,False
142921.jpg,142921,34: Learning chair,Learning chair,ok,34,Learning chair,1.0,name,False
142922.jpg,142922,35: Vehicle puzzle knobs,Vehicle puzzle knobs,ok,35,Vehicle puzzle knobs,1.0,name,False
142924.jpg,142924,38: Music set 1,Music set 1,ok,38,Music set 1,1.0,name,False
142926.jpg,142926,41: Green trike tractor john deere,Green trike tractor john deere,ok,41,Green trike tractor john deere,1.0,name,False
142928.jpg,142928,1: latches board 2,latches board 2,ok,1,latches board 2,1.0,name,False
142929.jpg,142929,43: ride on tcv green 2,ride on tcv green 2,ok,43,ride on tcv green 2,1.0,name,False
142930.jpg,142930,44: Little tikes xylophone,Little tikes xylophone,ok,44,Little tikes xylophone,1.0,name,False
142932.jpg,142932,48: Cosy coupe red,Cosy coupe red,ok,48,Cosy coupe red,1.0,name,False
142933.jpg,142933,49: Riding a Dino costume,Riding a Dino costume,ok,49,Riding a Dino costume,1.0,name,False
142934.jpg,142934,51: Grufalo costume,Grufalo costume,ok,51,Grufalo costume,1.0,name,False
142936.jpg,142936,55: Wooden block shape puzzle,Wooden block shape puzzle,ok,55,Wooden block shape puzzle,1.0,name,False
142937.jpg,142937,57: Kiwi puzzle,Kiwi puzzle,ok,57,Kiwi puzzle,1.0,name,False
142938.jpg,142938,58: Star wars puzzle,Star wars puzzle,ok,58,Star wars puzzle,1.0,name,False
142939.jpg,142939,59: Ben 10 puzzle,Ben 10 puzzle,ok,59,Ben 10 puzzle,1.0,name,False
142941.jpg,142941,65: Doc McStuffins puzzle tin,Doc McStuffins puzzle tin,ok,65,Doc McStuffins puzzle tin,1.0,name,False
142945.jpg,142945,69: Find it 123 50 piece floor puzzle,Find it 123 50 piece floor puzzle,ok,69,Find it 123 50 piece floor puzzle,1.0,name,False
142948.jpg,142948,73: Small car slopes,Small car slopes,ok,73,Small car slopes,1.0,name,False
142950.jpg,142950,79: All in one coffee shop,All in one coffee shop,ok,79,All in one coffee shop,1.0,name,False
142951.jpg,142951,80: Happy Villa dolls house,Happy Villa dolls house,ok,80,Happy Villa dolls house,1.0,name,False
142952.jpg,142952,81: Tool bench,Tool bench,ok,81,Tool bench,1.0,name,False
142953.jpg,142953,82: Cot toy,Cot toy,ok,82,Cot toy,1.0,name,False
142954.jpg,142954,9: ZAP THE COW,ZAP THE COW,ok,9,ZAP THE COW,1.0,name,False
142957.jpg,142957,85: Wooden clock puzzle,Wooden clock puzzle,ok,85,Wooden clock puzzle,1.0,name,False
142958.jpg,142958,87: Bead lacing,Bead lacing,ok,87,Bead lacing,1.0,name,False
142959.jpg,142959,88: Paw patrol matching game,Paw patrol matching game,ok,88,Paw patrol matching game,1.0,name,False
142960.jpg,142960,89: Paw patrol giant puzzle,Paw patrol giant puzzle,ok,89,Paw patrol giant puzzle,1.0,name,False
142961.jpg,142961,90: Pink musical push chair,Pink musical push chair,ok,90,Pink musical push chair,1.0,name,False
142962.jpg,142962,91: dolls bunk beds,dolls bunk beds,ok,91,dolls bunk beds,1.0,name,False
142966.jpg,142966,95: Wild Whirlpool water table,Wild Whirlpool water table,ok,95,Wild Whirlpool water table,1.0,name,False
142967.jpg,142967,96: Get Rollin activity table,Get Rollin activity table,ok,96,Get Rollin activity table,1.0,name,False
142968.jpg,142968,97: 3 in 1 twinkling horse table walker,3 in 1 twinkling horse table walker,ok,97,3 in 1 twinkling horse table walker,1.0,name,False
142969.jpg,142969,98: Jolly jumper 2,Jolly jumper 2,ok,98,Jolly jumper 2,1.0,name,False
142970.jpg,142970,99: Springin Safari bounce around,Springin Safari bounce around,ok,99,Springin Safari bounce around,1.0,name,False
142971.jpg,142971,100: disney cars duplo set,disney cars duplo set,ok,100,disney cars duplo set,1.0,name,False
142972.jpg,142972,101: duplo mini airport set,duplo mini airport set,ok,101,duplo mini airport set,1.0,name,False
142973.jpg,142973,103: duplo stables set,duplo stables set,ok,103,duplo stables set,1.0,name,False
142974.jpg,142974,104: Sparkly blue guitar,Sparkly blue guitar,ok,104,Sparkly blue guitar,1.0,name,False
142976.jpg,142976,106: Hammer and pegs 1,Hammer and pegs 1,ok,106,Hammer and pegs 1,1.0,name,False
142977.jpg,142977,107: Hammer and pegs 2,Hammer and pegs 2,ok,107,Hammer and pegs 2,1.0,name,False
142981.jpg,142981,112: Duplo Jurassic World,Duplo Jurassic World,ok,112,Duplo Jurassic World,1.0,name,False
142982.jpg,142982,113: Paw Patrol My Size Lookout Tower,Paw Patrol My Size Lookout Tower,ok,113,Paw Patrol My Size Lookout Tower,1.0,name,False
142984.jpg,142984,116: Paw Patrol Rubble and Marshal (button to speak),Paw Patrol Rubble and Marshal (button to speak),ok,116,Paw Patrol Rubble and Marshal (button to speak),1.0,name,False
142985.jpg,142985,118: Paw Patrol Rocky's Tugboat,Paw Patrol Rocky's Tugboat,ok,118,Paw Patrol Rocky's Tugboat,1.0,name,False
142986.jpg,142986,120: Cruzee Gold Balance Bike,Cruzee Gold Balance Bike,ok,120,Cruzee Gold Balance Bike,1.0,name,False
142987.jpg,142987,121: Cruzee Red Balance Bike,Cruzee Red Balance Bike,ok,121,Cruzee Red Balance Bike,1.0,name,False
143017.jpg,143017,157: Tomy Car Garage,Tomy Car Garage,ok,157,Tomy Car Garage,1.0,name,False
143020.jpg,143020,161: Push along wooden fox,Push along wooden fox,ok,161,Push along wooden fox,1.0,name,False
143023.jpg,143023,167: Eichhorn Activity Cube,Eichhorn Activity Cube,ok,167,Eichhorn Activity Cube,1.0,name,False
143024.jpeg,143024,168: Fisher Price MEGA Farm,Fisher Price MEGA Farm,ok,168,Fisher Price MEGA Farm,1.0,name,False
143025.jpg,143025,169: Boy baby doll,Boy baby doll,ok,169,Boy baby doll,1.0,name,False
143027.jpg,143027,171: vtech Safari Sounds Piano,vtech Safari Sounds Piano,ok,171,vtech Safari Sounds Piano,1.0,name,False
143028.jpg,143028,173: Vtech Toot-Toot Animals,Vtech Toot-Toot Animals,ok,173,Vtech Toot-Toot Animals,1.0,name,False
143032.jpg,143032,177: Vtech Toot-Toot Drivers Garage,Vtech Toot-Toot Drivers Garage,ok,177,Vtech Toot-Toot Drivers Garage,1.0,name,False
143033.jpg,143033,178: Le Toy Van Pizza,Le Toy Van Pizza,ok,178,Le Toy Van Pizza,1.0,name,False
143035.jpg,143035,180: Wooden Animal Sounds Puzzle,Wooden Animal Sounds Puzzle,ok,180,Wooden Animal Sounds Puzzle,1.0,name,False
143036.jpg,143036,181: John Deere Digger,John Deere Digger,ok,181,John Deere Digger,1.0,name,False
143044.jpg,143044,193: Vtech Giraffe Guitar,Vtech Giraffe Guitar,ok,193,Vtech Giraffe Guitar,1.0,name,False
143047.jpg,143047,196: Fisher Price Vacuum,Fisher Price Vacuum,ok,196,Fisher Price Vacuum,1.0,name,False
143048.jpg,143048,198: Peppa Pig House,Peppa Pig House,ok,198,Peppa Pig House,1.0,name,False
143049.jpg,143049,200: Catch and count fishing game,Catch and count fishing game,ok,200,Catch and count fishing game,1.0,name,False
143051.jpg,143051,203: Vtech Toot-Toot Extreme Stunt Set,Vtech Toot-Toot Extreme Stunt Set,ok,203,Vtech Toot-Toot Extreme Stunt Set,1.0,name,False
143054.jpg,143054,209: Symphonic Grand Piano Set,Symphonic Grand Piano Set,ok,209,Symphonic Grand Piano Set,1.0,name,False
143055.jpg,143055,211: Vtech vehicles,Vtech vehicles,ok,211,Vtech vehicles,1.0,name,False
143057.jpg,143057,213: Imaginext Jurassic Rex,Imaginext Jurassic Rex,ok,213,Imaginext Jurassic Rex,1.0,name,False
143058.jpg,143058,174: CAT metal dump truck,CAT metal dump truck,ok,174,CAT metal dump truck,1.0,name,False
143059.jpg,143059,214: CAT plastic loader,CAT plastic loader,ok,214,CAT plastic loader,1.0,name,False
143060.JPG,143060,215: Trunki Suitcase,Trunki Suitcase,ok,215,Trunki Suitcase,1.0,name,False
143069.jpg,143069,225: Vtech Push and Ride Alphabet Train,Vtech Push and Ride Alphabet Train,ok,225,Vtech Push and Ride Alphabet Train,1.0,name,False
143080.jpg,143080,139: CAT Junior Operator Combo Hauler,CAT Junior Operator Combo Hauler,ok,139,CAT Junior Operator Combo Hauler,1.0,name,False
143081.jpg,143081,"4: Swagtron 2-in-1 Child Walker, Balance Bike and Scooter","Swagtron 2-in-1 Child Walker, Balance Bike and Scooter",ok,4,"Swagtron 2-in-1 Child Walker, Balance Bike and Scooter",1.0,name,False
143082.jpg,143082,152: CAT TAKE-APART-BUDDIES,CAT TAKE-APART-BUDDIES,ok,152,CAT TAKE-APART-BUDDIES,1.0,name,False
143083.jpg,143083,244: Optimus Prime Dinosaur/Knight,Optimus Prime Dinosaur/Knight,ok,244,Optimus Prime Dinosaur/Knight,1.0,name,False
143084.jpg,143084,246: Safari Sounds Microphone 1#,Safari Sounds Microphone 1#,ok,246,Safari Sounds Microphone 1#,1.0,name,False
143086.jpg,143086,249: WOW Spaceship,WOW Spaceship,ok,249,WOW Spaceship,1.0,name,False
143089.jpg,143089,252: TRUCK John Deere,TRUCK John Deere,ok,252,TRUCK John Deere,1.0,name,False
143090.jpg,143090,253: TRACTOR LOADER John Deere,TRACTOR LOADER John Deere,ok,253,TRACTOR LOADER John Deere,1.0,name,False
143091.jpg,143091,254: FLIP ride on,FLIP ride on,ok,254,FLIP ride on,1.0,name,False
143093.jpg,143093,256: Thomas bike,Thomas bike,ok,256,Thomas bike,1.0,name,False
143094.jpg,143094,257: Dino Hunt,Dino Hunt,ok,257,Dino Hunt,1.0,name,False
143096.jpg,143096,258: Gator Goal,Gator Goal,ok,258,Gator Goal,1.0,name,False
1431.jpg,1431,404: File not found,,not_found,,,0.0,,
143106.jpg,143106,266: JOHN DEERE MIGHTY TRIKE,JOHN DEERE MIGHTY TRIKE,ok,266,JOHN DEERE MIGHTY TRIKE,1.0,name,False
143107.jpg,143107,267: Little Tikes UNICORN,Little Tikes UNICORN,ok,267,Little Tikes UNICORN,1.0,name,False
143116.JPG,143116,279: Ticket to Ride First Journey,Ticket to Ride First Journey,ok,279,Ticket to Ride First Journey,1.0,name,False
143118.jpg,143118,281: Mini Spinning Wheel,Mini Spinning Wheel,ok,281,Mini Spinning Wheel,1.0,name,False
143119.jpg,143119,283: Vtech Musical Rhymes Book,Vtech Musical Rhymes Book,ok,283,Vtech Musical Rhymes Book,1.0,name,False
143120.jpg,143120,284: Playskool Hammer Bench,Playskool Hammer Bench,ok,284,Playskool Hammer Bench,1.0,name,False
143121.jpg,143121,285: Playskool Musical Tambourine,Playskool Musical Tambourine,ok,285,Playskool Musical Tambourine,1.0,name,False
143122.jpg,143122,287: Twinkles to go Octopus,Twinkles to go Octopus,ok,287,Twinkles to go Octopus,1.0,name,False
143124.jpg,143124,290: GHOST BLITZ,GHOST BLITZ,ok,290,GHOST BLITZ,1.0,name,False
143125.jpg,143125,292: Gobblet Junior,Gobblet Junior,ok,292,Gobblet Junior,1.0,name,False
143126.jpg,143126,294: SUPER SANDWICH,SUPER SANDWICH,ok,294,SUPER SANDWICH,1.0,name,False
143140.jpg,143140,311: Rattle & Roll,Rattle & Roll,ok,311,Rattle & Roll,1.0,name,False
143141.jpg,143141,313: Fisher Price Shapes Set,Fisher Price Shapes Set,ok,313,Fisher Price Shapes Set,1.0,name,False
143145.jpg,143145,316: RALPH THE DINOSAUR,RALPH THE DINOSAUR,ok,316,RALPH THE DINOSAUR,1.0,name,False
143182.jpg,143182,350: Kinderboard,Kinderboard,ok,350,Kinderboard,1.0,name,False
143186.jpg,143186,323: Vtech Toot Toot Race Cars,Vtech Toot Toot Race Cars,ok,323,Vtech Toot Toot Race Cars,1.0,name,False
143187.jpg,143187,352: Vtech Toot Toot Fire Station,Vtech Toot Toot Fire Station,ok,352,Vtech Toot Toot Fire Station,1.0,name,False
143193.jpg,143193,359: Loving Family Home,Loving Family Home,ok,359,Loving Family Home,1.0,name,False
143195.jpg,143195,247: John Deere Buck,John Deere Buck,ok,247,John Deere Buck,1.0,name,False
143208.jpg,143208,155: Cyclone Wheelbarrow and Gardening Set,Cyclone Wheelbarrow and Gardening Set,ok,155,Cyclone Wheelbarrow and Gardening Set,1.0,name,False
143209.jpg,143209,179: Jamm Scoot Ride On,Jamm Scoot Ride On,ok,179,Jamm Scoot Ride On,1.0,name,False
143226.jpg,143226,385: Paw Patrol Pups to the rescue driver,Paw Patrol Pups to the rescue driver,ok,385,Paw Patrol Pups to the rescue driver,1.0,name,False
143233.jpg,143233,394: V Tech Toot-Toot Train Station,V Tech Toot-Toot Train Station,ok,394,V Tech Toot-Toot Train Station,1.0,name,False
143239.jpg,143239,"407: HARO Shredder 16"" Black and Blue Pedal bike","HARO Shredder 16"" Black and Blue Pedal bike",ok,407,"HARO Shredder 16"" Black and Blue Pedal bike",1.0,name,False
143240.jpg,143240,"408: HARO Shredder 16""  Blue and Black Pedal bike","HARO Shredder 16""  Blue and Black Pedal bike",ok,408,"HARO Shredder 16""  Blue and Black Pedal bike",1.0,name,False
143294.jpg,143294,458: Barbie and pony,Barbie and pony,ok,458,Barbie and pony,1.0,name,False
1433.jpg,1433,404: File not found,,not_found,,,0.0,,
143306.jpg,143306,470: Motorised Thomas The Tank Engine,Motorised Thomas The Tank Engine,ok,470,Motorised Thomas The Tank Engine,1.0,name,False
143310.jpg,143310,476: Wooden Play Set,Wooden Play Set,ok,476,Wooden Play Set,1.0,name,False
143311.jpg,143311,478: James Engine,James Engine,ok,478,James Engine,1.0,name,False
143313.jpg,143313,977: Fisher Price Small Car Garage,Fisher Price Small Car Garage,ok,977,Fisher Price Small Car Garage,1.0,name,False
143314.jpg,143314,482: Fisher Price Little Driver,Fisher Price Little Driver,ok,373,fisher price little driver,1.0,name,False
143315.jpg,143315,483: Baby Wobble Owl,Baby Wobble Owl,ok,483,Baby Wobble Owl,1.0,name,False
143346.jpg,143346,527: Large Petrol Station,Large Petrol Station,ok,527,Large Petrol Station,1.0,name,False
143347.jpg,143347,529: Classic World Wooden Pirate Ship,Classic World Wooden Pirate Ship,ok,529,Classic World Wooden Pirate Ship,1.0,name,False
143355.jpg,143355,539: HART SOFT BLOCKS,HART SOFT BLOCKS,ok,539,HART SOFT BLOCKS,1.0,name,False
143365.jpg,143365,549: Little Tikes Basketball Hoop - Small but adjustable,Little Tikes Basketball Hoop - Small but adjustable,ok,549,Little Tikes Basketball Hoop - Small but adjustable,1.0,name,False
143370.webp,143370,563: Pikler Climbing Frame and Ramp with foot grips (1#),Pikler Climbing Frame and Ramp with foot grips (1#),ok,563,Pikler Climbing Frame and Ramp with foot grips (1#),1.0,name,False
143373.webp,143373,569: Pikler Climbing Ladder (foldable),Pikler Climbing Ladder (foldable),ok,569,Pikler Climbing Ladder (foldable),1.0,name,False
143377.jpg,143377,574: Monster Truck Set,Monster Truck Set,ok,574,Monster Truck Set,1.0,name,False
143378.jpg,143378,576: Wooden Farmyard Balancing Set,Wooden Farmyard Balancing Set,ok,576,Wooden Farmyard Balancing Set,1.0,name,False
1434.jpg,1434,404: File not found,,not_found,,,0.0,,
143411.jpg,143411,634: Wooden blocks w/ yellow shape sorting lid,Wooden blocks w/ yellow shape sorting lid,ok,634,Wooden blocks w/ yellow shape sorting lid,1.0,name,False
143416.jpeg,143416,643: Thomas & Friends Playset,Thomas & Friends Playset,ok,643,Thomas & Friends Playset,1.0,name,False
143417.jpeg,143417,644: Duplo Fire station & Rescue Helicopter,Duplo Fire station & Rescue Helicopter,ok,644,Duplo Fire station & Rescue Helicopter,1.0,name,False
143418.jpeg,143418,646: Blue Ice Dragon,Blue Ice Dragon,ok,646,Blue Ice Dragon,1.0,name,False
143419.jpeg,143419,647: White Picnic Basket,White Picnic Basket,ok,647,White Picnic Basket,1.0,name,False
143420.jpeg,143420,648: PJ Masks Headquarters,PJ Masks Headquarters,ok,648,PJ Masks Headquarters,1.0,name,False
143424.jpeg,143424,656: Ninja turtle puzzle & board game,Ninja turtle puzzle & board game,ok,656,Ninja turtle puzzle & board game,1.0,name,False
143425.jpeg,143425,657: Donatello ninja turtle,Donatello ninja turtle,ok,657,Donatello ninja turtle,1.0,name,False
143452.jpg,143452,684: Brainy Buds,Brainy Buds,ok,684,Brainy Buds,1.0,name,False
143455.jpg,143455,314: Loving Country Home,Loving Country Home,ok,314,Loving Country Home,1.0,name,False
143456.jpg,143456,475: Tonka Fire Rescue,Tonka Fire Rescue,ok,475,Tonka Fire Rescue,1.0,name,False
143459.jpg,143459,687: Brainbox Radio Kit,Brainbox Radio Kit,ok,687,Brainbox Radio Kit,1.0,name,False
143460.jpg,143460,689: Adventure Tent Set with Crawl Tunnel,Adventure Tent Set with Crawl Tunnel,ok,689,Adventure Tent Set with Crawl Tunnel,1.0,name,False
143461.jpg,143461,691: Green Mocka Bike,Green Mocka Bike,ok,691,Green Mocka Bike,1.0,name,False
143462.jpg,143462,692: Vtech Farm Activity Walker,Vtech Farm Activity Walker,ok,692,Vtech Farm Activity Walker,1.0,name,False
143467.jpg,143467,710: Fisher-price ABC Bus,Fisher-price ABC Bus,ok,710,Fisher-price ABC Bus,1.0,name,False
143476.jpg,143476,726: Little Hero Garage Monster,Little Hero Garage Monster,ok,726,Little Hero Garage Monster,1.0,name,False
143477.jpg,143477,727: Disney Princess Cinderella's Carriage,Disney Princess Cinderella's Carriage,ok,727,Disney Princess Cinderella's Carriage,1.0,name,False
143483.jpg,143483,738: Vtech activity table,Vtech activity table,ok,738,Vtech activity table,1.0,name,False
143484.jpg,143484,739: Vtech little driver,Vtech little driver,ok,739,Vtech little driver,1.0,name,False
143485.jpg,143485,744: Ranbow walker,Ranbow walker,ok,744,Ranbow walker,1.0,name,False
143486.jpg,143486,745: Leap frog alphabetical pull along dog,Leap frog alphabetical pull along dog,ok,745,Leap frog alphabetical pull along dog,1.0,name,False
143487.jpg,143487,746: Press and dash dog,Press and dash dog,ok,746,Press and dash dog,1.0,name,False
143488.jpg,143488,747: Dino pop up,Dino pop up,ok,747,Dino pop up,1.0,name,False
143489.jpg,143489,748: Animal pop up,Animal pop up,ok,748,Animal pop up,1.0,name,False
143490.jpg,143490,749: Animal push and play,Animal push and play,ok,749,Animal push and play,1.0,name,False
143491.jpg,143491,751: vtech pop-a-ball pit,vtech pop-a-ball pit,ok,751,vtech pop-a-ball pit,1.0,name,False
143492.jpg,143492,754: 1# vtech pop-a-ball pit,1# vtech pop-a-ball pit,ok,754,1# vtech pop-a-ball pit,1.0,name,False
143493.jpg,143493,755: Fisher price stand and twirl,Fisher price stand and twirl,ok,755,Fisher price stand and twirl,1.0,name,False
143494.jpg,143494,758: Tolo happy friends,Tolo happy friends,ok,758,Tolo happy friends,1.0,name,False
1435.jpg,1435,404: File not found,,not_found,,,0.0,,
143504.jpg,143504,776: Wooden Learning Abacus,Wooden Learning Abacus,ok,776,Wooden Learning Abacus,1.0,name,False
143505.jpg,143505,779: LeapFrog Musical Table Drum,LeapFrog Musical Table Drum,ok,779,LeapFrog Musical Table Drum,1.0,name,False
143506.jpg,143506,782: Hexagon Shape Sorter,Hexagon Shape Sorter,ok,782,Hexagon Shape Sorter,1.0,name,False
143507.jpg,143507,786: LeapFrog Count & Colors Band,LeapFrog Count & Colors Band,ok,786,LeapFrog Count & Colors Band,1.0,name,False
143508.jpg,143508,788: Little People Lil' Movers Airplane,Little People Lil' Movers Airplane,ok,788,Little People Lil' Movers Airplane,1.0,name,False
143509.jpg,143509,789: Wooden Airport Set,Wooden Airport Set,ok,789,Wooden Airport Set,1.0,name,False
143512.jpg,143512,286: Deer Bounce Game,Deer Bounce Game,ok,286,Deer Bounce Game,1.0,name,False
143513.jpg,143513,792: Metal Machines,Metal Machines,ok,792,Metal Machines,1.0,name,False
143516.jpg,143516,422: Dinosaur Egg,Dinosaur Egg,ok,422,Dinosaur Egg,1.0,name,False
143524.jpg,143524,807: Monopoly Junior,Monopoly Junior,ok,807,Monopoly Junior,1.0,name,False
143528.jpg,143528,813: Wooden Block,Wooden Block,ok,813,Wooden Block,1.0,name,False
143529.jpg,143529,814: Eichhorn Wooden Block,Eichhorn Wooden Block,ok,814,Eichhorn Wooden Block,1.0,name,False
143531.jpg,143531,820: Car Carrier Truck Set,Car Carrier Truck Set,ok,820,Car Carrier Truck Set,1.0,name,False
1438.jpg,1438,404: File not found,,not_found,,,0.0,,
144.jpg,144,404: File not found,,not_found,,,0.0,,
1440.jpg,1440,404: File not found,,not_found,,,0.0,,
1446.jpg,1446,404: File not found,,not_found,,,0.0,,
1448.jpg,1448,404: File not found,,not_found,,,0.0,,
1450.jpg,1450,404: File not found,,not_found,,,0.0,,
1451.jpg,1451,404: File not found,,not_found,,,0.0,,
1453.jpg,1453,404: File not found,,not_found,,,0.0,,
1460.jpg,1460,404: File not found,,not_found,,,0.0,,
1461.jpg,1461,404: File not found,,not_found,,,0.0,,
1466.jpg,1466,404: File not found,,not_found,,,0.0,,
1544.jpg,1544,404: File not found,,not_found,,,0.0,,
1545.jpg,1545,404: File not found,,not_found,,,0.0,,
1546.jpg,1546,404: File not found,,not_found,,,0.0,,
1553.jpg,1553,404: File not found,,not_found,,,0.0,,
1555.jpg,1555,404: File not found,,not_found,,,0.0,,
1556.jpg,1556,404: File not found,,not_found,,,0.0,,
1560.jpg,1560,404: File not found,,not_found,,,0.0,,
1565.jpg,1565,404: File not found,,not_found,,,0.0,,
1566.jpg,1566,404: File not found,,not_found,,,0.0,,
1567.jpg,1567,404: File not found,,not_found,,,0.0,,
1568.jpg,1568,404: File not found,,not_found,,,0.0,,
1569.jpg,1569,404: File not found,,not_found,,,0.0,,
1570.jpg,1570,404: File not found,,not_found,,,0.0,,
1572.jpg,1572,404: File not found,,not_found,,,0.0,,
1573.jpg,1573,404: File not found,,not_found,,,0.0,,
1574.jpg,1574,404: File not found,,not_found,,,0.0,,
1575.jpg,1575,404: File not found,,not_found,,,0.0,,
1577.jpg,1577,404: File not found,,not_found,,,0.0,,
1579.jpg,1579,404: File not found,,not_found,,,0.0,,
158.jpg,158,404: File not found,,not_found,,,0.0,,
1580.jpg,1580,404: File not found,,not_found,,,0.0,,
1582.jpg,1582,404: File not found,,not_found,,,0.0,,
1584.jpg,1584,404: File not found,,not_found,,,0.0,,
1586.jpg,1586,404: File not found,,not_found,,,0.0,,
1587.jpg,1587,404: File not found,,not_found,,,0.0,,
1588.jpg,1588,404: File not found,,not_found,,,0.0,,
1590.jpg,1590,404: File not found,,not_found,,,0.0,,
1591.jpg,1591,404: File not found,,not_found,,,0.0,,
1592.jpg,1592,404: File not found,,not_found,,,0.0,,
1594.jpg,1594,404: File not found,,not_found,,,0.0,,
1595.jpg,1595,404: File not found,,not_found,,,0.0,,
1596.jpg,1596,404: File not found,,not_found,,,0.0,,
1597.jpg,1597,404: File not found,,not_found,,,0.0,,
1599.jpg,1599,404: File not found,,not_found,,,0.0,,
1603.jpg,1603,404: File not found,,not_found,,,0.0,,
1606.jpg,1606,404: File not found,,not_found,,,0.0,,
1608.jpg,1608,404: File not found,,not_found,,,0.0,,
1609.jpg,1609,404: File not found,,not_found,,,0.0,,
1610.jpg,1610,404: File not found,,not_found,,,0.0,,
1611.jpg,1611,404: File not found,,not_found,,,0.0,,
1612.jpg,1612,404: File not found,,not_found,,,0.0,,
1615.jpg,1615,404: File not found,,not_found,,,0.0,,
1616.jpg,1616,404: File not found,,not_found,,,0.0,,
1617.jpg,1617,404: File not found,,not_found,,,0.0,,
1618.jpg,1618,404: File not found,,not_found,,,0.0,,
1619.jpg,1619,404: File not found,,not_found,,,0.0,,
1620.jpg,1620,404: File not found,,not_found,,,0.0,,
1624.jpg,1624,404: File not found,,not_found,,,0.0,,
1625.jpg,1625,404: File not found,,not_found,,,0.0,,
1626.jpg,1626,404: File not found,,not_found,,,0.0,,
1627.jpg,1627,404: File not found,,not_found,,,0.0,,
1628.jpg,1628,404: File not found,,not_found,,,0.0,,
1629.jpg,1629,404: File not found,,not_found,,,0.0,,
163.jpg,163,404: File not found,,not_found,,,0.0,,
1630.jpg,1630,404: File not found,,not_found,,,0.0,,
1631.jpg,1631,404: File not found,,not_found,,,0.0,,
1632.jpg,1632,404: File not found,,not_found,,,0.0,,
1634.jpg,1634,404: File not found,,not_found,,,0.0,,
1635.jpg,1635,404: File not found,,not_found,,,0.0,,
1639.jpg,1639,404: File not found,,not_found,,,0.0,,
1640.jpg,1640,404: File not found,,not_found,,,0.0,,
1642.jpg,1642,404: File not found,,not_found,,,0.0,,
1643.jpg,1643,404: File not found,,not_found,,,0.0,,
1644.jpg,1644,404: File not found,,not_found,,,0.0,,
1645.jpg,1645,404: File not found,,not_found,,,0.0,,
165.jpg,165,404: File not found,,not_found,,,0.0,,
1675.jpg,1675,404: File not found,,not_found,,,0.0,,
1678.jpg,1678,404: File not found,,not_found,,,0.0,,
1681.jpg,1681,404: File not found,,not_found,,,0.0,,
1682.jpeg,1682,404: File not found,,not_found,,,0.0,,
1683.jpg,1683,404: File not found,,not_found,,,0.0,,
1685.jpg,1685,404: File not found,,not_found,,,0.0,,
1686.jpg,1686,404: File not found,,not_found,,,0.0,,
1690.jpg,1690,404: File not found,,not_found,,,0.0,,
1691.jpg,1691,404: File not found,,not_found,,,0.0,,
1693.jpg,1693,404: File not found,,not_found,,,0.0,,
1694.jpg,1694,404: File not found,,not_found,,,0.0,,
17.jpg,17,404: File not found,,not_found,,,0.0,,
1702.jpg,1702,404: File not found,,not_found,,,0.0,,
1705.jpg,1705,404: File not found,,not_found,,,0.0,,
1706.jpg,1706,404: File not found,,not_found,,,0.0,,
1707.jpg,1707,404: File not found,,not_found,,,0.0,,
1709.jpg,1709,404: File not found,,not_found,,,0.0,,
1712.jpg,1712,404: File not found,,not_found,,,0.0,,
1713.jpg,1713,404: File not found,,not_found,,,0.0,,
1715.jpg,1715,404: File not found,,not_found,,,0.0,,
1716.jpg,1716,404: File not found,,not_found,,,0.0,,
1717.jpg,1717,404: File not found,,not_found,,,0.0,,
1718.JPG,1718,404: File not found,,not_found,,,0.0,,
1727.jpg,1727,404: File not found,,not_found,,,0.0,,
173.jpg,173,404: File not found,,not_found,,,0.0,,
1738.jpg,1738,404: File not found,,not_found,,,0.0,,
1739.jpg,1739,404: File not found,,not_found,,,0.0,,
1740.jpg,1740,404: File not found,,not_found,,,0.0,,
1741.jpg,1741,404: File not found,,not_found,,,0.0,,
1742.jpg,1742,404: File not found,,not_found,,,0.0,,
1744.jpg,1744,404: File not found,,not_found,,,0.0,,
1747.jpg,1747,404: File not found,,not_found,,,0.0,,
1748.jpg,1748,404: File not found,,not_found,,,0.0,,
1749.jpg,1749,404: File not found,,not_found,,,0.0,,
175.jpg,175,404: File not found,,not_found,,,0.0,,
1751.jpg,1751,404: File not found,,not_found,,,0.0,,
1752.jpg,1752,404: File not found,,not_found,,,0.0,,
1754.jpg,1754,404: File not found,,not_found,,,0.0,,
1764.jpg,1764,404: File not found,,not_found,,,0.0,,
1765.jpg,1765,404: File not found,,not_found,,,0.0,,
177.jpg,177,404: File not found,,not_found,,,0.0,,
1774.JPG,1774,404: File not found,,not_found,,,0.0,,
1776.jpg,1776,404: File not found,,not_found,,,0.0,,
1777.jpg,1777,404: File not found,,not_found,,,0.0,,
1778.jpg,1778,404: File not found,,not_found,,,0.0,,
1779.jpg,1779,404: File not found,,not_found,,,0.0,,
1780.jpg,1780,404: File not found,,not_found,,,0.0,,
1782.jpg,1782,404: File not found,,not_found,,,0.0,,
1783.jpg,1783,404: File not found,,not_found,,,0.0,,
1784.jpg,1784,404: File not found,,not_found,,,0.0,,
1798.jpg,1798,404: File not found,,not_found,,,0.0,,
1799.jpg,1799,404: File not found,,not_found,,,0.0,,
180.jpg,180,404: File not found,,not_found,,,0.0,,
1803.jpg,1803,404: File not found,,not_found,,,0.0,,
1840.jpg,1840,404: File not found,,not_found,,,0.0,,
1844.jpg,1844,404: File not found,,not_found,,,0.0,,
1845.jpg,1845,404: File not found,,not_found,,,0.0,,
1851.jpg,1851,404: File not found,,not_found,,,0.0,,
1853.jpg,1853,404: File not found,,not_found,,,0.0,,
1866.jpg,1866,404: File not found,,not_found,,,0.0,,
1867.jpg,1867,404: File not found,,not_found,,,0.0,,
187.jpg,187,404: File not found,,not_found,,,0.0,,
1884.jpg,1884,404: File not found,,not_found,,,0.0,,
1891.jpg,1891,404: File not found,,not_found,,,0.0,,
1897.jpg,1897,404: File not found,,not_found,,,0.0,,
1898.jpg,1898,404: File not found,,not_found,,,0.0,,
1952.jpg,1952,404: File not found,,not_found,,,0.0,,
1964.jpg,1964,404: File not found,,not_found,,,0.0,,
1968.jpg,1968,404: File not found,,not_found,,,0.0,,
1969.jpg,1969,404: File not found,,not_found,,,0.0,,
197.jpg,197,404: File not found,,not_found,,,0.0,,
1971.jpg,1971,404: File not found,,not_found,,,0.0,,
1972.jpg,1972,404: File not found,,not_found,,,0.0,,
1973.jpg,1973,404: File not found,,not_found,,,0.0,,
2004.jpg,2004,404: File not found,,not_found,,,0.0,,
2005.jpg,2005,404: File not found,,not_found,,,0.0,,
201.jpg,201,404: File not found,,not_found,,,0.0,,
2013.jpg,2013,404: File not found,,not_found,,,0.0,,
2023.jpg,2023,404: File not found,,not_found,,,0.0,,
2028.webp,2028,404: File not found,,not_found,,,0.0,,
203.jpg,203,404: File not found,,not_found,,,0.0,,
2031.webp,2031,404: File not found,,not_found,,,0.0,,
2035.jpg,2035,404: File not found,,not_found,,,0.0,,
2036.jpg,2036,404: File not found,,not_found,,,0.0,,
2069.jpg,2069,404: File not found,,not_found,,,0.0,,
207.jpg,207,404: File not found,,not_found,,,0.0,,
2074.jpeg,2074,404: File not found,,not_found,,,0.0,,
2075.jpeg,2075,404: File not found,,not_found,,,0.0,,
2076.jpeg,2076,404: File not found,,not_found,,,0.0,,
2077.jpeg,2077,404: File not found,,not_found,,,0.0,,
2078.jpeg,2078,404: File not found,,not_found,,,0.0,,
2082.jpeg,2082,404: File not found,,not_found,,,0.0,,
2083.jpeg,2083,404: File not found,,not_found,,,0.0,,
211.jpg,211,404: File not found,,not_found,,,0.0,,
2110.jpg,2110,404: File not found,,not_found,,,0.0,,
2113.jpg,2113,404: File not found,,not_found,,,0.0,,
2114.jpg,2114,404: File not found,,not_found,,,0.0,,
2117.jpg,2117,404: File not found,,not_found,,,0.0,,
2118.jpg,2118,404: File not found,,not_found,,,0.0,,
2119.jpg,2119,404: File not found,,not_found,,,0.0,,
2120.jpg,2120,404: File not found,,not_found,,,0.0,,
2125.jpg,2125,404: File not found,,not_found,,,0.0,,
2134.jpg,2134,404: File not found,,not_found,,,0.0,,
2135.jpg,2135,404: File not found,,not_found,,,0.0,,
2141.jpg,2141,404: File not found,,not_found,,,0.0,,
2142.jpg,2142,404: File not found,,not_found,,,0.0,,
2143.jpg,2143,404: File not found,,not_found,,,0.0,,
2144.jpg,2144,404: File not found,,not_found,,,0.0,,
2145.jpg,2145,404: File not found,,not_found,,,0.0,,
2146.jpg,2146,404: File not found,,not_found,,,0.0,,
2147.jpg,2147,404: File not found,,not_found,,,0.0,,
2148.jpg,2148,404: File not found,,not_found,,,0.0,,
2149.jpg,2149,404: File not found,,not_found,,,0.0,,
2150.jpg,2150,404: File not found,,not_found,,,0.0,,
2151.jpg,2151,404: File not found,,not_found,,,0.0,,
2152.jpg,2152,404: File not found,,not_found,,,0.0,,
216.jpg,216,404: File not found,,not_found,,,0.0,,
2162.jpg,2162,404: File not found,,not_found,,,0.0,,
2163.jpg,2163,404: File not found,,not_found,,,0.0,,
2164.jpg,2164,404: File not found,,not_found,,,0.0,,
2165.jpg,2165,404: File not found,,not_found,,,0.0,,
2166.jpg,2166,404: File not found,,not_found,,,0.0,,
2167.jpg,2167,404: File not found,,not_found,,,0.0,,
2170.jpg,2170,404: File not found,,not_found,,,0.0,,
2171.jpg,2171,404: File not found,,not_found,,,0.0,,
2174.jpg,2174,404: File not found,,not_found,,,0.0,,
2182.jpg,2182,404: File not found,,not_found,,,0.0,,
2186.jpg,2186,404: File not found,,not_found,,,0.0,,
2187.jpg,2187,404: File not found,,not_found,,,0.0,,
2189.jpg,2189,404: File not found,,not_found,,,0.0,,
22.jpg,22,404: File not found,,not_found,,,0.0,,
231.jpg,231,404: File not found,,not_found,,,0.0,,
234.jpg,234,404: File not found,,not_found,,,0.0,,
237.jpg,237,404: File not found,,not_found,,,0.0,,
24.jpg,24,404: File not found,,not_found,,,0.0,,
241.jpg,241,404: File not found,,not_found,,,0.0,,
255.jpg,255,404: File not found,,not_found,,,0.0,,
273.jpg,273,404: File not found,,not_found,,,0.0,,
277.jpg,277,404: File not found,,not_found,,,0.0,,
278.jpg,278,404: File not found,,not_found,,,0.0,,
280.jpg,280,404: File not found,,not_found,,,0.0,,
300.jpg,300,404: File not found,,not_found,,,0.0,,
309.jpg,309,404: File not found,,not_found,,,0.0,,
315.jpg,315,404: File not found,,not_found,,,0.0,,
32.jpg,32,404: File not found,,not_found,,,0.0,,
330.jpg,330,404: File not found,,not_found,,,0.0,,
332.jpg,332,404: File not found,,not_found,,,0.0,,
333.jpg,333,404: File not found,,not_found,,,0.0,,
345.jpg,345,404: File not found,,not_found,,,0.0,,
347.jpg,347,404: File not found,,not_found,,,0.0,,
348.jpg,348,404: File not found,,not_found,,,0.0,,
350.jpg,350,404: File not found,,not_found,,,0.0,,
355.jpg,355,404: File not found,,not_found,,,0.0,,
371.jpg,371,404: File not found,,not_found,,,0.0,,
38.jpg,38,404: File not found,,not_found,,,0.0,,
382.jpg,382,404: File not found,,not_found,,,0.0,,
407.jpg,407,404: File not found,,not_found,,,0.0,,
41.jpg,41,404: File not found,,not_found,,,0.0,,
410.jpg,410,404: File not found,,not_found,,,0.0,,
420.jpg,420,404: File not found,,not_found,,,0.0,,
422.jpg,422,404: File not found,,not_found,,,0.0,,
431.jpg,431,404: File not found,,not_found,,,0.0,,
432.jpg,432,404: File not found,,not_found,,,0.0,,
435.jpg,435,404: File not found,,not_found,,,0.0,,
437.jpg,437,404: File not found,,not_found,,,0.0,,
439.jpg,439,404: File not found,,not_found,,,0.0,,
440.jpg,440,404: File not found,,not_found,,,0.0,,
466.jpg,466,404: File not found,,not_found,,,0.0,,
468.jpg,468,404: File not found,,not_found,,,0.0,,
475.jpg,475,404: File not found,,not_found,,,0.0,,
478.jpg,478,404: File not found,,not_found,,,0.0,,
481.jpg,481,404: File not found,,not_found,,,0.0,,
482.jpg,482,404: File not found,,not_found,,,0.0,,
483.jpg,483,404: File not found,,not_found,,,0.0,,
485.jpg,485,404: File not found,,not_found,,,0.0,,
490.jpg,490,404: File not found,,not_found,,,0.0,,
492.jpg,492,404: File not found,,not_found,,,0.0,,
494.jpg,494,404: File not found,,not_found,,,0.0,,
499.jpg,499,404: File not found,,not_found,,,0.0,,
503.JPG,503,404: File not found,,not_found,,,0.0,,
52.jpg,52,404: File not found,,not_found,,,0.0,,
53.jpg,53,404: File not found,,not_found,,,0.0,,
531.jpg,531,404: File not found,,not_found,,,0.0,,
536.jpg,536,404: File not found,,not_found,,,0.0,,
538.jpg,538,404: File not found,,not_found,,,0.0,,
539.jpg,539,404: File not found,,not_found,,,0.0,,
54.jpg,54,404: File not found,,not_found,,,0.0,,
546.jpg,546,404: File not found,,not_found,,,0.0,,
548.jpg,548,404: File not found,,not_found,,,0.0,,
549.jpg,549,404: File not found,,not_found,,,0.0,,
556.jpg,556,404: File not found,,not_found,,,0.0,,
564.jpg,564,404: File not found,,not_found,,,0.0,,
570.jpg,570,404: File not found,,not_found,,,0.0,,
573.jpg,573,404: File not found,,not_found,,,0.0,,
578.jpg,578,404: File not found,,not_found,,,0.0,,
581.jpg,581,404: File not found,,not_found,,,0.0,,
588.jpg,588,404: File not found,,not_found,,,0.0,,
601.jpg,601,404: File not found,,not_found,,,0.0,,
61.jpeg,61,404: File not found,,not_found,,,0.0,,
613.jpg,613,404: File not found,,not_found,,,0.0,,
618.jpg,618,404: File not found,,not_found,,,0.0,,
621.jpg,621,404: File not found,,not_found,,,0.0,,
624.jpg,624,404: File not found,,not_found,,,0.0,,
625.jpg,625,404: File not found,,not_found,,,0.0,,
626.jpg,626,404: File not found,,not_found,,,0.0,,
628.jpg,628,404: File not found,,not_found,,,0.0,,
63.jpg,63,404: File not found,,not_found,,,0.0,,
635.jpg,635,404: File not found,,not_found,,,0.0,,
64.jpg,64,404: File not found,,not_found,,,0.0,,
642.jpg,642,404: File not found,,not_found,,,0.0,,
643.jpg,643,404: File not found,,not_found,,,0.0,,
648.jpg,648,404: File not found,,not_found,,,0.0,,
65.jpg,65,404: File not found,,not_found,,,0.0,,
651.jpg,651,404: File not found,,not_found,,,0.0,,
652.jpg,652,404: File not found,,not_found,,,0.0,,
656.jpg,656,404: File not found,,not_found,,,0.0,,
659.jpg,659,404: File not found,,not_found,,,0.0,,
660.jpg,660,404: File not found,,not_found,,,0.0,,
671.jpg,671,404: File not found,,not_found,,,0.0,,
688.jpg,688,404: File not found,,not_found,,,0.0,,
692.jpg,692,404: File not found,,not_found,,,0.0,,
695.jpg,695,404: File not found,,not_found,,,0.0,,
702.jpg,702,404: File not found,,not_found,,,0.0,,
704.JPG,704,404: File not found,,not_found,,,0.0,,
705.jpg,705,404: File not found,,not_found,,,0.0,,
707.jpg,707,404: File not found,,not_found,,,0.0,,
711.jpg,711,404: File not found,,not_found,,,0.0,,
714.jpg,714,404: File not found,,not_found,,,0.0,,
720.JPG,720,404: File not found,,not_found,,,0.0,,
721.jpg,721,404: File not found,,not_found,,,0.0,,
729.jpg,729,404: File not found,,not_found,,,0.0,,
734.jpg,734,404: File not found,,not_found,,,0.0,,
736.jpg,736,404: File not found,,not_found,,,0.0,,
743.jpg,743,404: File not found,,not_found,,,0.0,,
744.jpg,744,404: File not found,,not_found,,,0.0,,
745.jpg,745,404: File not found,,not_found,,,0.0,,
750.jpg,750,404: File not found,,not_found,,,0.0,,
755.jpg,755,404: File not found,,not_found,,,0.0,,
759.jpg,759,404: File not found,,not_found,,,0.0,,
760.jpg,760,404: File not found,,not_found,,,0.0,,
763.jpg,763,404: File not found,,not_found,,,0.0,,
764.jpg,764,404: File not found,,not_found,,,0.0,,
765.jpg,765,404: File not found,,not_found,,,0.0,,
770.jpg,770,404: File not found,,not_found,,,0.0,,
773.jpg,773,404: File not found,,not_found,,,0.0,,
775.jpg,775,404: File not found,,not_found,,,0.0,,
776.jpg,776,404: File not found,,not_found,,,0.0,,
783.jpg,783,404: File not found,,not_found,,,0.0,,
793.jpg,793,404: File not found,,not_found,,,0.0,,
797.jpg,797,404: File not found,,not_found,,,0.0,,
800.jpg,800,404: File not found,,not_found,,,0.0,,
801.jpg,801,404: File not found,,not_found,,,0.0,,
804.jpg,804,404: File not found,,not_found,,,0.0,,
805.jpg,805,404: File not found,,not_found,,,0.0,,
807.jpg,807,404: File not found,,not_found,,,0.0,,
809.jpg,809,404: File not found,,not_found,,,0.0,,
810.jpg,810,404: File not found,,not_found,,,0.0,,
811.jpg,811,404: File not found,,not_found,,,0.0,,
815.jpg,815,404: File not found,,not_found,,,0.0,,
816.jpg,816,404: File not found,,not_found,,,0.0,,
818.jpg,818,404: File not found,,not_found,,,0.0,,
827.jpg,827,404: File not found,,not_found,,,0.0,,
828.jpg,828,404: File not found,,not_found,,,0.0,,
830.jpg,830,404: File not found,,not_found,,,0.0,,
832.jpg,832,404: File not found,,not_found,,,0.0,,
834.jpg,834,404: File not found,,not_found,,,0.0,,
837.jpg,837,404: File not found,,not_found,,,0.0,,
840.jpg,840,404: File not found,,not_found,,,0.0,,
843.jpg,843,404: File not found,,not_found,,,0.0,,
848.jpg,848,404: File not found,,not_found,,,0.0,,
850.jpg,850,404: File not found,,not_found,,,0.0,,
853.jpg,853,404: File not found,,not_found,,,0.0,,
854.JPG,854,404: File not found,,not_found,,,0.0,,
855.jpg,855,404: File not found,,not_found,,,0.0,,
857.jpg,857,404: File not found,,not_found,,,0.0,,
862.jpg,862,404: File not found,,not_found,,,0.0,,
863.jpg,863,404: File not found,,not_found,,,0.0,,
867.jpg,867,404: File not found,,not_found,,,0.0,,
870.jpg,870,404: File not found,,not_found,,,0.0,,
871.JPG,871,404: File not found,,not_found,,,0.0,,
872.jpg,872,404: File not found,,not_found,,,0.0,,
874.jpg,874,404: File not found,,not_found,,,0.0,,
877.jpg,877,404: File not found,,not_found,,,0.0,,
881.jpg,881,404: File not found,,not_found,,,0.0,,
882.jpg,882,404: File not found,,not_found,,,0.0,,
888.jpg,888,404: File not found,,not_found,,,0.0,,
889.jpg,889,404: File not found,,not_found,,,0.0,,
890.jpg,890,404: File not found,,not_found,,,0.0,,
891.jpg,891,404: File not found,,not_found,,,0.0,,
894.jpg,894,404: File not found,,not_found,,,0.0,,
895.jpg,895,404: File not found,,not_found,,,0.0,,
896.jpg,896,404: File not found,,not_found,,,0.0,,
898.jpg,898,404: File not found,,not_found,,,0.0,,
899.jpg,899,404: File not found,,not_found,,,0.0,,
900.jpg,900,404: File not found,,not_found,,,0.0,,
901.jpg,901,404: File not found,,not_found,,,0.0,,
906.jpg,906,404: File not found,,not_found,,,0.0,,
907.jpg,907,404: File not found,,not_found,,,0.0,,
909.jpg,909,404: File not found,,not_found,,,0.0,,
913.jpg,913,404: File not found,,not_found,,,0.0,,
914.jpg,914,404: File not found,,not_found,,,0.0,,
916.jpg,916,404: File not found,,not_found,,,0.0,,
917.jpg,917,404: File not found,,not_found,,,0.0,,
919.jpg,919,404: File not found,,not_found,,,0.0,,
920.jpg,920,404: File not found,,not_found,,,0.0,,
921.jpg,921,404: File not found,,not_found,,,0.0,,
923.jpg,923,404: File not found,,not_found,,,0.0,,
927.jpg,927,404: File not found,,not_found,,,0.0,,
928.JPG,928,404: File not found,,not_found,,,0.0,,
930.jpg,930,404: File not found,,not_found,,,0.0,,
932.jpg,932,404: File not found,,not_found,,,0.0,,
936.jpg,936,404: File not found,,not_found,,,0.0,,
937.jpg,937,404: File not found,,not_found,,,0.0,,
939.jpg,939,404: File not found,,not_found,,,0.0,,
94.jpg,94,404: File not found,,not_found,,,0.0,,
940.jpg,940,404: File not found,,not_found,,,0.0,,
941.jpg,941,404: File not found,,not_found,,,0.0,,
942.jpg,942,404: File not found,,not_found,,,0.0,,
947.jpg,947,404: File not found,,not_found,,,0.0,,
948.jpg,948,404: File not found,,not_found,,,0.0,,
949.jpg,949,404: File not found,,not_found,,,0.0,,
950.jpg,950,404: File not found,,not_found,,,0.0,,
951.jpg,951,404: File not found,,not_found,,,0.0,,
953.jpg,953,404: File not found,,not_found,,,0.0,,
954.jpg,954,404: File not found,,not_found,,,0.0,,
955.jpg,955,404: File not found,,not_found,,,0.0,,
958.jpg,958,404: File not found,,not_found,,,0.0,,
962.jpg,962,404: File not found,,not_found,,,0.0,,
966.jpg,966,404: File not found,,not_found,,,0.0,,
969.jpg,969,404: File not found,,not_found,,,0.0,,
971.jpg,971,404: File not found,,not_found,,,0.0,,
978.jpg,978,404: File not found,,not_found,,,0.0,,
979.jpg,979,404: File not found,,not_found,,,0.0,,
981.jpg,981,404: File not found,,not_found,,,0.0,,
982.jpg,982,404: File not found,,not_found,,,0.0,,
983.jpg,983,404: File not found,,not_found,,,0.0,,
985.jpg,985,404: File not found,,not_found,,,0.0,,
986.jpg,986,404: File not found,,not_found,,,0.0,,
987.jpg,987,404: File not found,,not_found,,,0.0,,
989.jpg,989,404: File not found,,not_found,,,0.0,,
993.jpg,993,404: File not found,,not_found,,,0.0,,
994.jpeg,994,404: File not found,,not_found,,,0.0,,
995.jpg,995,404: File not found,,not_found,,,0.0,,
999.jpg,999,404: File not found,,not_found,,,0.0,,
