toy_id,toy_name,total_pieces,missing_pieces
2,Bouncy Castle,21,0
3,Wooden Coffee Shop Set,12,0
5,Wooden vehicles,7,0
6,Baby with  outfits,6,2
7,Superhero costume,2,0
8,Purple spotty dress,2,0
13,Pull along chicken,5,0
14,Eddies Doctors Visit,6,1
15,Baby fun time,34,3
16,Wooden Building Blocks,54,0
18,Bean bag games,6,0
19,Big basketball stand,6,0
21,Little people helicopter,2,0
22,Wooden chunky train,3,0
23,Wooden Beads,64,29
24,Carry Along Workshop,15,0
25,Wooden Toaster,3,0
26,Wooden chunky train 2,5,0
27,Wooden chunky tractor,2,0
28,Shopping Cart & Groceries,7,0
30,Duplo - Dino World,61,0
31,Crane,6,0
33,Music Set,7,1
35,Vehicle puzzle knobs,9,0
36,Violet Puppy with High Chair & Accessories,5,1
37,My Little Pony Flower Tree,8,0
38,Music set 1,5,0
39,Music set 2,16,4
41,Green trike tractor john deere,5,0
42,Big dog truck,4,0
45,Music set,22,1
46,Mega blocks fire truck,2,0
47,Big Strike Bowling Set,8,0
50,Touch n Learn Cot Toy,7,0
53,Duplo Zoo Park,60,1
54,Unicorn with fairy friends,4,0
55,Wooden block shape puzzle,19,0
56,Scales & Bears,109,0
58,Star wars puzzle,102,0
59,Ben 10 puzzle,102,0
60,Daisy Flowers,156,0
63,race car transporter,3,0
64,John Deere Tractor Engine,87,30
65,Doc McStuffins puzzle tin,26,0
67,Australian animal 6 in 1 block puzzle,11,0
68,Princess Mystery Box,16,0
69,Find it 123 50 piece floor puzzle,50,0
70,Vtech Pull and Play Elephant,5,0
72,Mobilio,141,0
73,Small car slopes,5,0
74,Jolly Jumper,4,0
75,Duplo- Arctic Set,47,0
78,Turtle Recall Game,20,0
79,All in one coffee shop,14,3
80,Happy Villa dolls house,30,8
81,Tool bench,60,37
84,Vtech Pet Playground,13,0
85,Wooden clock puzzle,13,0
86,Baking Set,13,0
87,Bead lacing,32,0
88,Paw patrol matching game,73,0
89,Paw patrol giant puzzle,46,0
91,dolls bunk beds,5,0
93,JUNGLE BABY MAT,14,0
94,Wow Tow Truck,5,0
95,Wild Whirlpool water table,24,6
96,Get Rollin activity table,13,0
J5,Number Owl Puzzle,23,0
100,disney cars duplo set,84,0
101,duplo mini airport set,49,20
103,duplo stables set,76,0
106,Hammer and pegs 1,11,1
107,Hammer and pegs 2,9,0
108,Funny Animal Match Up,46,0
110,Fisher Price Noah's Ark,7,0
111,Littlest Pet Shop,4,0
112,Duplo Jurassic World,45,0
113,Paw Patrol My Size Lookout Tower,18,4
114,fisher price roll bubble,1,0
116,Paw Patrol Rubble and Marshal (button to speak),5,0
117,Humdinger Family Set,123,0
118,Paw Patrol Rocky's Tugboat,2,0
119,Marble Slide,188,39
122,Ribbit-Tat-Tat Electronic Drums,3,0
123,vtech Toot Toot Drivers Ultimate Track Set,26,0
124,John Deere Farmyard Sorter,15,0
125,Fisher Price Taco Truck,32,2
126,Medical Cart,27,3
128,Hape Birthday Cake,23,0
129,Lelin Fruit Play Set,17,0
130,Duplo Fire Station and rescue helicopter,87,0
131,Lelin Vegetable Play Set,15,0
132,Wooden and elastic diamond,1,0
133,Mini Kitchen Set,54,18
134,Stripes and Crusher push and go monster trucks,2,0
135,Wooden tambourine,1,0
136,Fisher Price Baby Pram,2,0
137,Mighty Voyager Pirate Ship,9,1
138,CAT small sounds digger,1,0
139,CAT Junior Operator Combo Hauler,42,13
140,Bullfrog Bullseye,4,0
142,Dolls bouncer,2,0
143,Golf Trolley,3,0
145,Baby drum,2,0
146,Animal puzzle,9,0
147,Sorting Box,65,0
148,Magic Man and Barrel Jack,2,0
149,Little people Mamma car,3,0
150,Toot Toot Friends Magic Lights Castle,14,0
151,Wooden Shapes Box,6,0
152,CAT TAKE-APART-BUDDIES,9,0
153,Creative Play,9,0
155,Cyclone Wheelbarrow and Gardening Set,4,0
157,Tomy Car Garage,8,0
158,Brielle our generation doll,14,0
159,Looper & Friends,5,0
163,Primo Stacknlearn,66,0
164,Finger Puppets & Theatre,5,0
167,Eichhorn Activity Cube,2,0
168,Fisher Price MEGA Farm,49,0
169,Boy baby doll,5,0
170,Wooden animal vehicles,10,0
171,vtech Safari Sounds Piano,1,0
172,Maxi Brick Runner,49,0
173,Vtech Toot-Toot Animals,31,4
176,Fisher price plane,3,0
177,Vtech Toot-Toot Drivers Garage,25,0
178,Le Toy Van Pizza,13,0
180,Wooden Animal Sounds Puzzle,7,0
182,Loving Hearts Family Home,4,0
183,Suitcase Shape Sorter,6,0
184,Little Table and Chairs,3,0
186,Ashley Doll,9,0
187,Leap Frog Picnic Basket,15,1
188,Tupperware shape sorter,10,0
193,Vtech Giraffe Guitar,1,0
194,Little People Camper-van,8,0
197,Tupper ware shape sorter,11,0
198,Peppa Pig House,23,2
199,My Little Pony Playset,40,0
200,Catch and count fishing game,14,0
201,Carry around kitchen,79,0
203,Vtech Toot-Toot Extreme Stunt Set,24,0
204,Vtech Toot-Toot Drivers Press & Go Launcher,4,0
205,Jungle Glove Puppets,5,0
207,Whats Inside Me Apron,11,0
209,Symphonic Grand Piano Set,9,1
210,Fantasy Puppets,3,0
211,Vtech vehicles,6,1
212,Sylvanian Family - Maple Cat Family,4,0
213,Imaginext Jurassic Rex,14,0
216,tomy playset,2,0
217,Wooden Make Up Set,11,0
220,Fisher Price Learning Letterbox,4,0
222,Little People Jungle Vet,11,0
225,Vtech Push and Ride Alphabet Train,16,0
226,Wooden drum,3,0
227,Thomas Pile Up,14,0
228,little tikes blue piano,1,0
229,Maze Balancing Board,3,0
230,Parachute Game,3,0
231,Duplo Cargo Train,123,12
232,Duplo Steam Train,101,28
233,Coloured Clown,21,0
235,Twist n Learn and Tweet n Twirl,2,0
238,Farm Set,25,1
239,Doctors dress up,3,0
242,Tubular Bells,4,0
243,Tongue Drum,3,0
244,Optimus Prime Dinosaur/Knight,6,1
245,Honey Pot Fun Playset,7,0
247,John Deere Buck,3,0
248,Floaty Boat,6,2
256,Thomas bike,5,0
257,Dino Hunt,10,0
258,Gator Goal,3,0
259,Cookie Monster Elbow & Knee Guards,4,0
261,Hot wheels dragon attack,20,0
262,WOW Fireball Frankie,2,0
263,Magnetic Building Blocks,19,5
264,WOW Richie Race Car,3,0
265,WOW Dynamite Daisy,2,0
266,JOHN DEERE MIGHTY TRIKE,1,0
268,WOW George's Dragon Tale,3,0
269,Duplo Post Office,29,0
270,WOW Policeman Charlie,3,0
271,WOW PLAYSET,34,0
272,WOW Rock n' Ride Ralph,3,0
273,Shapeboard,17,0
274,WOW Mary and her little lamb,3,0
275,WOW Cupcake Chloe,5,0
276,leap frog toy drum,1,0
277,Fisher - Price Animal Train,8,0
278,Duplo Playhouse,55,0
279,Ticket to Ride First Journey,199,0
280,Baby Mat,12,0
282,Mini Marble Run,33,0
284,Playskool Hammer Bench,2,0
286,Deer Bounce Game,22,0
289,Find A Word,40,0
290,GHOST BLITZ,67,0
291,Whats Next,18,0
292,Gobblet Junior,15,0
293,Duplo Service Station,47,0
294,SUPER SANDWICH,57,0
297,Three Little Pigs,11,0
298,Bug catcher set,3,0
299,Buildn Snail Pail,15,0
300,NOAH'S ARK - Classic world,17,0
303,Fisher Price Medical Set,11,0
304,"BRUDER Land Rover, horsefloat and Snow Mobile",12,7
305,CUBBY TIME FABRIC HOUSE,2,0
308,Baobei Rocking Horse,5,0
309,mixed baby toys,21,1
310,MOCKA Wooden Table and Chairs,5,0
311,Rattle & Roll,34,8
312,Genius Puzzle,79,0
313,Fisher Price Shapes Set,12,0
314,Loving Country Home,63,2
317,Slide,1,0
318,Peppa Pig Memory Cards,36,0
321,Felt Kids Deep Sea Diving,25,0
323,Vtech Toot Toot Race Cars,20,0
324,Felt Kids Beach Party,23,0
326,Chase the Tail,9,0
334,Arctic Play Set,13,0
337,Quatro Blocks,97,0
338,Shop and Learn Cash Register,12,0
349,Little People jungle mat with animals,23,0
351,Toot Toot Friends Magic Lights Castle,14,0
352,Vtech Toot Toot Fire Station,10,0
353,Western Play Fort,52,0
354,Vtech Toot Toot Drivers Transport Truck with Vehicles,5,0
356,Thomas set with die cast trains,79,0
357,BIG DUMP TRUCK FLOOR PUZZLE,48,0
359,Loving Family Home,15,1
361,Princess Table,19,0
365,Vtech Alphabet Train,15,0
366,Rainbow Musical Walker,3,0
369,Buzz About Mailbox,7,0
372,DINOSAURS,8,1
374,Baby toy cube,2,0
375,Wooden vehicles and a donkey :),8,0
379,Peppa Pig Playground,6,0
380,Baby dolls,14,3
381,Animal Baby Lotto,41,0
382,Vtech 2in1 Sports Centre,3,0
383,Bosch Tools & Drill Case,19,2
384,Baby farm puzzle,5,0
388,Easy Building - Pink set,59,0
389,"Elbow, Knee and Wrist Pads",6,0
394,V Tech Toot-Toot Train Station,46,0
395,Family Van,5,0
396,Puzzle Blocks,24,0
398,Cookie Monster Pots and Pans,8,0
399,Poppity Pop Elephant,5,0
406,Felt Creations-Castle,28,0
410,Wooden transporter truck,6,0
411,Pink wooden babies cradle,4,0
412,Wooden vehicles,5,0
413,Peekaboo blocks,12,0
415,Electronic cash register,40,21
416,Magnetic Farm Board,28,0
417,Buzzy Bee Pull Along,1,0
418,Bob the Builders Playdough Activity Belt,22,2
419,Toddler Play Set,12,5
420,Train Track Village,69,0
422,Dinosaur Egg,34,0
423,Dinoland Felt Montage,18,0
424,Binoculars,4,0
425,Police Officer -Dress up,4,0
428,Harold,3,0
429,My little pony mermaids,6,0
431,Mega Blocks Yellow School Bus,2,0
434,Fisher Price Little People Red Bus,7,0
435,Glow in the dark Thomas set,40,0
436,Thomas Brendam Docks - Deluxe Set,120,60
437,Miles From Tomorrowland,8,0
438,Bead set,75,0
440,Megablocks truck,10,0
441,Number Bugs,9,0
442,Musical Instruments,14,1
443,Tower Slope,5,0
444,Wooden Tool Box,17,1
446,V Tech First Steps Baby Walker,3,0
447,Megablocks wagon,41,0
448,Yellow walker with red wheels,12,0
449,Fisher Price Tap and Beats Bench,2,0
451,Folding mini plastic doll house,14,0
452,Car Shape Sorter,6,0
453,Baby Toys Activity Set,7,0
454,Baby Play Toys,45,27
455,Dinosaurs,12,5
456,JOHN DEERE playset,4,0
457,Dolls Pram (red),5,0
458,Barbie and pony,4,0
462,Noahs Ark,26,0
463,Wooden Castle,37,0
466,Bosch Tool Bench,42,1
467,Lego Tech Machines,163,4
469,ABC & 123 Train floor puzzle,60,0
471,Loving Family Doll House (Mum and babies),26,6
472,Lego - Intelligent Train Set Deluxe,256,110
473,John Deere Small Dozer,1,0
474,Wooden Unicorn Puzzle,9,0
476,Wooden Play Set,27,0
477,Chicco Table,20,0
481,Rainy Day Games Set,80,0
486,Budkins Stable with Horses,17,0
488,Apple and Cheese Threaders,4,0
489,Wild animals set,11,0
490,Duplo - Airport Set,123,41
491,Potato Head Family Bucket,35,0
492,Tolo Activity Centre,4,0
493,Baby Band,4,0
494,Wooden Animal Dominoes,29,0
495,My Little Pony Set - Number 1,6,0
496,My Little Pony Set - Number 2,6,0
497,Fairy Kingdom Playset,40,7
498,Musical Animal Tractor,6,0
500,Wooden Double Decker London Bus,7,0
501,Castle Adventure,19,1
502,Pop Onz - Build and Go Village,35,0
504,Small Car Transport Truck,5,0
505,Kateryna's Playhouse,74,0
506,Katie Camper and Friends,10,0
507,Mrs Brambles School,7,0
508,Hullabaloo,18,0
510,Duplo Farm Set,59,0
511,Lil Boating Fun,9,0
512,Clip-it-together toy,50,0
513,Tomy Toomies,4,0
516,Water Park Playset,12,0
518,Melissa & Doug Magnetic Fishing puzzle,12,0
520,Under Sea Creatures,32,1
523,Wooden Classic Jenga,55,0
525,Hero Car Garage,8,0
526,MEGA BLOCKS SET 1#,91,0
528,Wooden tool Set,30,1
529,Classic World Wooden Pirate Ship,28,0
530,Chunky Tractor and Trailer with Farm Animals,7,0
535,Hape Coffee Machine,6,0
536,WOW London Bus with shapes,7,0
538,Ultrasaucer,12,0
541,Buzz Lightyear Blast and Battle XL-15,6,0
542,Bath Fun,9,0
544,That's Not My Book Set,5,0
545,Lap Harp,15,0
547,Tappy Turtle,2,0
550,Activity Climber,7,0
553,Black and Decker Electronic Workbench,34,0
555,Appleyard Riding Stable,40,0
556,Small shapes puzzle,10,0
558,Small transport and dinosaur puzzles,14,0
559,Wooden Disney Character Puzzle,25,0
560,Arctic Set,7,0
561,Wildlife Park,47,0
562,Time to Learn Preschool,20,0
564,Cube Building Blocks,35,0
565,Zimbbos!,19,0
566,Thomas and James Duplo Train Set,79,0
571,Twirlin Whirlin Turtle,4,0
574,Monster Truck Set,8,0
575,Rocking Ark with Animal Blocks,14,0
576,Wooden Farmyard Balancing Set,11,0
577,Mr Pirate Potato Head,39,0
578,Safari Park (wooden train),69,1
580,Pictionary Air Kids Vs Grown Ups,115,0
581,Mrs Potato Head Set,16,0
582,Christmas Grinch Puzzle,48,0
583,Silly Sentences,123,0
584,Wooden Medieval Castle,30,0
585,Little People - Animal Train,7,0
586,Ball Stacker,13,0
587,Wooden Kitchen with Kitchen Appliances and Food,79,0
588,Dora Playset,8,0
589,Baby Toys Mix,14,0
590,Petting Zoo Set,26,0
591,BABY FUN PLAYSET,23,0
594,Little People - Railway,25,0
595,foam toys,95,0
596,Wooden blocks of pictures,27,0
597,Little People - Dollhouse,24,13
598,Dinosaurs II,14,6
599,Uno Cards,176,64
602,FARM ANIMALS SET,28,0
603,Little People - DumpTruck,4,0
604,Wooden Village Playset,145,0
605,Tonka - Firehouse,12,2
608,Junior Activity Park,6,0
609,fisher price coloured shapes set,9,0
610,Leaping Lizards,52,0
611,Discover Sounds - Stackin Pans,8,0
612,baby play set,9,0
613,Fisher Price Mini Kitchen,23,1
614,Junior Boules,10,0
617,Baby Fun,9,0
621,Post Office Play Set,55,0
622,Doctor's Medical Center Carry Along,10,0
623,Junior Pictionary,128,0
625,Beauty Salon,44,19
627,Pretend toy - Cris,23,0
628,Thomas - Quarry Mine Tunnel Set,216,136
629,Enchanted Fairy Castle,20,1
630,Wrecking Rig,12,0
631,Tea Set,18,0
632,Pretend toy (2) - Cris,5,0
633,Sarah Lynns Camping Adventure,9,0
634,Wooden blocks w/ yellow shape sorting lid,100,0
636,Connetrix,309,2
637,Ollies Outdoor Pursuits,6,2
638,Marys Medical Rescue,5,0
642,Harry Copters Animal Rescue,4,1
643,Thomas & Friends Playset,45,0
645,Tap Tap Animals,76,0
649,CAT Junior Operator Combo Hauler,32,0
650,Ironing Board and Iron,2,0
654,Paper FX Weaver,11,0
659,Large Wooden Vehicles,13,0
660,Electronic Barbeque,22,7
661,Jumbo Magnetics,52,7
662,Fisher price puzzle box,8,0
663,Klikko Supreme,517,0
664,Plastic car set,8,0
666,Playskool hammer and pegs,2,0
667,Ladder 12 fire truck,1,0
668,Fetch pull and pop aeroplane,1,0
669,Vtec bear laptop,1,0
670,Leap forg horse on seesaw,1,0
671,Playskool number animals,1,0
672,Animal train,1,0
674,Fidget triangle,1,0
675,Taf cot toy,1,0
676,Bowling,12,0
677,Outdoor Set,14,0
678,yellow tow truck,1,0
679,Plastic 'Wooden' Mallet,2,0
680,FLUTTERSHY THE PONY,1,0
683,Fisher Price Ring Tower,7,0
684,Brainy Buds,13,0
685,Create a Car,43,0
687,Brainbox Radio Kit,9,0
688,ThomasTrain Set,43,0
689,Adventure Tent Set with Crawl Tunnel,66,0
690,Learning Piggy Bank,9,0
693,Popn Surprise Train,13,0
694,Pink Wooden Activity Cube With Shapes,5,0
695,Farmyard Wooden Activity Cube With Shapes,5,0
696,Imaginext - Jungle,9,4
697,Alphabet Lotto,77,0
698,Numbers and Counting Dominoes,67,0
699,ABC Match and Learn,37,0
700,Princess Elise - Magnetic Dressing Doll,23,0
701,Nina Ballerina - Magnetic Dressing Doll,28,0
702,Lacing Bear,21,0
703,Birthday Cake,30,0
704,House & Animals Fisher-Price Puzzle,7,0
705,Fairytale Palace,38,2
707,Hammer Balls,5,0
708,Space Headquarters,71,0
709,Classic World Baby Puzzle,2,0
710,Fisher-price ABC Bus,12,0
712,Train with balls,5,0
714,Pound the Ball,4,0
715,Number Cakes,8,0
717,Wooden Pirate Ship,9,1
719,Minnie Memory Match Game,73,0
720,BIG plastic Kitchen,30,6
721,Add your Bears,31,0
722,infantino baby seat,2,0
723,Threading Tree,21,0
725,Fire Station Wooden Set,22,0
726,Little Hero Garage Monster,29,0
727,Disney Princess Cinderella's Carriage,36,0
728,Junior Monopoly,219,0
729,White Picnic Basket,25,5
730,Giant Dominoes,29,0
731,Attribute Block Set (wooden),68,0
732,Rescue Hero Avalanche,19,2
734,PollyPocket Mansion,12,3
735,PollyPocket Plane,11,0
736,Batman with Bat cowl/cape,2,0
737,Batgirl with Bat-cowl/cape,2,0
740,Toolkit,10,0
741,Camping Set,6,1
742,Motorbike Hauler,3,0
750,Knights Costume,8,0
752,Tupperware Shape Sorter,9,0
753,Little Helpers Kitchen and accessories,20,0
756,North Pole Camoflage,33,0
757,Wild Animal Theme Box,9,0
764,Breakfast Tray,17,0
765,2n1 Dump Truck,2,0
766,Road & Rail Set,43,0
767,Farm Theme Box,37,0
768,Harvey Harvester,4,0
769,Bob The Builder Toy Set,3,0
772,Tonka Rumblin Rollin Crane,4,0
773,Nemo's Family,37,0
774,"Dr Suess - 1 fish, 2 fish Card Game",43,0
775,Chutes and Ladders,10,0
776,Wooden Learning Abacus,1,0
777,Table and chairs,10,0
779,LeapFrog Musical Table Drum,1,0
780,Animal Cottage,16,1
781,Shopping Trolley 2,10,0
782,Hexagon Shape Sorter,7,0
783,Magnet Attraction,80,0
784,Lego Jet Fuel Truck,8,0
785,Car Set 1,5,0
786,LeapFrog Count & Colors Band,1,0
787,My Little Pony Fashion Fun,12,0
788,Little People Lil' Movers Airplane,4,0
789,Wooden Airport Set,14,0
790,Little People's Builder's Quarry,7,0
791,Mega Bloks Car,126,0
792,Metal Machines,13,0
793,Mini Marble Run,39,0
794,Busy Park,7,0
796,Animal cogs boards,14,0
797,Tolo Play Set,13,1
798,Little Tikes Workshop,20,2
800,Fisher-Price Picnic Basket,17,0
801,MEGA BLOCKS SET IN CONTAINER,62,0
802,PEPPA PIG SET #1,9,0
803,Connect Four,42,0
805,Fisher-Price Helicopter,2,0
807,Monopoly Junior,169,0
808,Road Signs,4,0
809,Clock and house puzzle set,20,0
811,Wooden Building And Construction Set,56,0
812,Learning set,33,0
813,Wooden Block,73,0
814,Eichhorn Wooden Block,53,0
816,Fisher-Price Flower Doll,3,0
817,Walker Pram (with doll),1,0
818,Viking Fire Truck,3,0
819,Fisher-Price Airplane,5,1
820,Car Carrier Truck Set,25,0
822,Vtech Enchanted castle (Disney Princess),18,0
823,Green boat with 2 cars,3,0
824,Busy Bouncing Zoo,2,0
826,Larger Metal Cars,2,0
827,Little people pink car,3,0
828,Retro Toy Shape Box,20,0
829,Fantasy World Block Puzzle,7,0
832,Sylvanian toy ice cream truck,25,0
833,Sonya Lee and Her Pet Salon,8,0
834,Rush Hour Junior,57,0
836,Party Party Party Game,47,0
837,Sharon the Sheep,56,0
838,CooCoo the Rocking Clown,26,0
839,What a Performance,88,0
840,Bed Bugs Bashing Bench,2,0
842,Wooden Drum,2,0
844,Magnetico,78,0
845,Wooden Town Set,52,0
849,Mixed Baby Toys #2,8,1
850,Polar Bear Ball Slide,13,0
851,pastel blocks,97,0
852,stone blocks,58,0
853,wooden train village,103,0
854,colorful plastic blocks with table,87,0
856,Caraboo Island,108,0
857,Candy Land Game,67,0
858,Silver Cricket Set,7,0
861,truck with builder,2,0
862,Build a Story Puzzle,36,0
863,Fold n Go Garage,3,0
866,Tetra Tower,55,0
867,Shapes Board,16,0
870,Baby doll with clothes,6,0
871,Pop up Turtle,2,0
872,Mega bloks and a pink car,43,0
873,Trip The Pony With Base,4,0
875,Little People Ambulance,6,1
876,Medical Set,10,0
877,Fisher price building site,39,0
878,Blocksters Block Spot,10,0
879,Clipo Hippo,18,0
880,Beetle Game,53,0
881,Duplo Numbers Set,56,0
882,Thomas Race Set,1,0
883,Jungle of Fun,4,0
886,Fisher price funky farm,11,0
887,Phil and Ted's Poppy Chair,19,0
888,Fisher Price Walker Pram (with doll),2,0
889,Felt Creations - Construction,30,0
890,Large work bench,33,0
891,My Little Pony Room,9,0
893,Little People Builders,34,0
900,Sylvanian Family Starry Point Lighthouse,46,0
903,Baby Dress Up,19,6
904,Pop Up Pirate,27,0
908,Castle Logix,8,0
909,Wooden Parking Lot,34,0
910,Thomas - Rock and Roll Quarry Set,11,0
913,Name That Country - Geography Game,46,0
916,GeoSafari - Talking Microscope,16,0
917,Toadstool House Playset,8,1
919,Switchback Racetrack,4,0
920,Little People Fairy Treehouse,7,1
922,Pirates Costume,6,0
923,Pictureka,116,0
924,Little People Stand n Play Ramp,3,0
977,Fisher Price Small Car Garage,3,0
985,Magnetic Fishing Game,28,0
986,Memory Game,60,0
987,Aqualand,23,0
989,Wooden MailBox,10,0
999,Twister Hopscotch,31,0
J12,Maori Numbers 1-5,16,0
J18,Dinosaur alphabet and number puzzle,26,0
J22,Alligator Puzzle,22,0
J48,Petrol Station Stand Up,17,0
J55,Tugboat,9,0
J58,Four Seasons -4 layers,37,0
J59,Dog with ball,7,0
J65,Roadworks,21,0
J66,Big Fish,15,0
J71,Night Cats,7,0
J72,School Tray Puzzle,21,0
J74,Fire Tray puzzle,21,0
J89,Dog/Cat/Pig,4,0
J93,Dolphin,11,0
J98,Farm Animals and Offspring,16,0
T84,Firetruck - Sing and Read Songbook,2,0
1000,container ship,9,0
1002,Brainbox Plug and Play,34,0
1007,Feed the Frog Golf Set,5,0
1009,Count & Scan Shop,12,0
1011,Duplo Rescue Set,163,1
1013,Wooden Garage/Road Builder and Characters,49,0
1014,Train Magnets,20,0
1016,Best friends Playhouse,14,3
1017,Wooden Sushi Set,25,0
1018,Stand n Play Ramp,2,0
1021,Bloktown Airport,36,2
1029,Pop n Surprise Train 2,13,0
1032,Polly Pocket Make up Table,17,0
1035,Clippo Animals,39,0
1036,Fisher Price Ark,5,0
1040,Tonka Tool Kit,12,3
1045,Hey Thats My Fish,77,0
1047,Kids of Catan,40,0
1048,Brain Box ABC,56,0
1049,You Robot,66,0
1050,First Hand,60,0
1051,Chicken Cha Cha Cha,46,0
1053,Black/White Board,3,0
1055,Mega Blocks Work Bench,207,82
1056,Fisher Price Fun town railway,22,7
1058,Little people building blocks,42,0
1061,Count and Scan Shop,12,0
1062,Kids of Carcassonne,68,0
1063,Rivers Roads & Rails,141,0
1065,Wooden Lacing Shoe,2,0
1066,Shopping list,41,0
1068,Can You See What I See,100,0
1070,Fisher Price Train Set,7,0
1072,Pink Wooden Train Set,30,0
1076,Duplo Cake Set,49,0
1077,Wooden Tool Trolley,20,0
1079,Weplay Blocks,46,0
1084,Bubble Wand,4,0
1085,Little Tikes Sports and Slide,11,0
1089,Princess Elise Magnetic Dress Up,24,0
1091,Baby Bouncer Tiny Love,4,0
1092,Tutor Systems Level 3 or 4,21,0
1093,Tutor Systems Level 1 or 2,21,0
1094,Schleich Farm Set,18,0
1095,Little Tikes Assortment,13,1
1096,FM Radio,10,0
1098,Duplo Supermarket-Cafe,37,0
1099,Playskool Magic Tea Party,17,0
1101,IQ pyramid,21,0
1102,Ice Cream Parlour,16,3
1104,Step 2 Cafe Barista,10,1
1107,Healthy Salad,24,0
1111,Clippo,85,0
1116,Sylvanian Family Car,7,0
1117,Sylvanian Families Huge Playset,31,4
1118,Little Tikes Garden,4,0
1119,Little tikes Car Carrier,4,0
1124,Magnetic Counting Set - Numbers,33,0
1127,Little Tikes Fire Station,2,0
1132,Little Tikes Golf Set,7,0
1133,Little People School Bus,5,0
1135,Menagerie,63,0
1136,Tell the time game,68,0
1137,Junior Alpha Animals,64,0
1139,Bill Bells Busy Puzzles for kids,250,0
1142,Polydron Giant Set,42,0
1144,Pounce,52,0
1149,Duplo House,122,0
1150,Little Tikes Ball Drop Water Table,24,5
1154,Disney Princess Songs Castle,9,0
1155,Fisher Price Letters Postbox,5,0
1158,Shapes Picnic Basket,14,0
1161,Balls,95,0
1162,WOW PLAYSET,38,0
1163,Wow Dexter the Digger,5,0
1168,Backyard BBQ,17,1
1169,Interactive Farm,16,0
1172,Magnetic Preten Play Jack,30,0
1174,Cutting Food Set,29,0
1176,Playmobile Cat Scratching Tree,12,0
1177,Family speed boat,33,8
1178,Playmobil Horse Riding set with vehicles,93,24
1180,Little People Farm,16,1
1181,Bugs Building,32,0
1182,Charades,102,0
1183,Superman costume,2,0
1184,Teenage Mutant Ninja Turtles Costume,2,0
1190,Calendar,1,0
1192,Farm set,18,0
1193,hello Kitty Popup Game,19,0
1195,Fairy Pegasus and Unicorn,3,0
1196,Transporter Truck,4,0
1199,Thomas Trains Set,9,1
1203,Police Plane Pete,2,0
1206,Fire engine Flynn-take n play,56,2
1207,Art Teacher Barbie,13,2
1208,Thomas Shark Exhibit- take n play,51,0
1209,Monsters Mask,2,0
1210,Teenage mutant ninja turtle,10,5
1214,Dora Bath Doll,2,0
1215,Marios Pizza,7,0
1216,Mike the Knight bath Toy,6,1
1217,Butterfly Stacking Block Puzzle,10,0
1218,Enigma Puzzle,24,0
1220,Pop to the shops,105,0
1221,Safari hide and seek,6,0
1222,Exersaucer Jungle,18,0
1224,Bus stop,60,0
1225,FORD car tool bench,46,1
1232,Wavy Tactile Path,10,0
1233,Wedgit Deluxe set,33,0
1237,scooter board,1,0
1239,Boomwhacker Tubes,8,0
1242,Magna Tiles,47,12
1246,Tumblekins Fire Station,3,0
1253,Wooden Vehciles,3,0
1255,Jungle Animal Dominoes,30,0
1256,Juggling,7,0
1257,Disney Princess Memory Game,54,0
1258,Tell the time,29,0
1260,Poppys Pony Adventure,6,2
1263,Ball Maze,187,0
1265,Crazy Fort,135,0
1268,Doc Mcstuffins dressup,5,0
1270,Klip Klop fisher price,6,2
1273,Fisher Price Car,5,0
1275,Racetrack Chicco,21,0
1277,Wooden puppet theatre,9,0
1278,Farm sounds block,3,0
1282,Micki Pram,4,1
1283,Snap n style Doll,11,0
1287,Battleship,314,0
1289,My little Pony Rainbow Helicopter,11,0
1291,Buckaroo,15,0
1292,Radio Flyer Roller Coaster,4,0
1296,Plus plus,200,0
1297,Super chef kitchen,92,20
1298,leap pad xdi ultra,4,0
1299,Blu Track,8,0
1301,Multi activity blocks box,52,0
1302,Bowling Monkeys,7,0
1304,Sandpit toys,9,0
1305,Peg Board,26,0
1306,reptangles,25,0
1312,clock stacker,5,0
1313,Kicking Giraffe,3,0
1314,Playmobil suv and horse trailer,15,2
1315,dress up tree house,70,23
1317,Book Pack Bears,7,0
1318,Book Pack Trains and trucks,6,0
1319,Book Pack trucks,6,0
1320,Book Pack cats,6,0
1321,Book Pack Dinosaurs,6,1
1322,Book Pack Bears2,6,0
1323,Book Pack animals,6,0
1324,Book Pack Animals2,6,0
1325,Book Pack Dogs,6,0
1326,Book Pack Seaside,6,0
1327,spot it!,57,0
1328,Fisher Price Building Table,47,13
1330,Wooden Transport Set,19,0
1331,fire station set,25,2
1332,leap pad purple,7,0
1335,Crazy colours torch,1,0
1336,Fire chief costume,5,0
1339,Tummy ache game,35,0
1340,Find It - Starry Night,28,0
1341,Rainbow hand bells,9,0
1342,5 rabbit peg puzzle,6,0
1343,9 animal wooden peg puzzle,10,0
1345,3 diggers chunky puzzle,4,0
1346,Flip n Tip Fred,6,0
1348,washing machine,11,0
1349,craft kit,20,0
1350,scramble play soft blocks,5,0
1356,brainbox absolute electronics kit,34,0
1357,BrainBox car and boat kit,74,0
1358,Leap Frog Fridge Phonics,27,0
1359,Ride on Thomas,25,0
1363,Duplo farm,60,0
1364,Snakes and ladders,65,0
1365,Big building blocks,63,0
1366,Zhu Zhu Puppies,9,0
1367,Zhu Zhu pets dress up,11,0
1368,FurReal Vacation,16,8
1369,Zhu Zhu pets ball and slide,23,1
1370,Kung Zhu Combat set,56,1
1371,Zhu Zhu Princess Palace,62,10
1390,Sylvanian Families Tree House,25,1
J108,Months and Seasons,17,0
J114,Funny Frogs,17,0
J116,Spider textured,11,0
J126,Tactile Match Ups,18,0
J130,Composed Matching Board,19,0
J131,Girl Getting Dressed #1,12,0
J132,Girl Getting Dressed #2,12,0
J135,Inside Story Market Stall,21,0
J136,Flight Puzzle,21,0
J142,Life Cycle of a Frog,7,0
J144,Papu Hau Fraction Board,21,0
J146,World Map Jigsaw,80,0
J147,Dinosaur Discovery,150,0
J157,Ocean floor puzzle,49,0
J159,My Ships Floor Puzzle,64,0
J162,Dress up - Lion and Tiger Puzzle,38,0
J163,1-2-3 puzzle,6,0
J171,Backyard Bugs Floor Puzzle,49,0
J179,Alphabet Road Puzzle,30,0
J180,Train Tray Puzzle,7,0
J188,In the Countryside Floor Puzzle,24,0
J189,Silly Silly Sea 2-sided Floor Puzzle,46,0
J192,Tough Truck Floor Puzzle (50),50,0
J193,Giant Digger (30),20,0
J195,Gingerbread House (35),35,0
J196,Supermarket,75,0
J198,Seashore (150),150,0
J199,Emergency Double-sided Puzzle (46),46,0
J202,Machines (3x 3pce),9,0
J205,Endangered species,49,0
J207,Map of the Solar System (104),106,0
J212,World Atlas,10,0
J218,Shaped Pirate Puzzle,80,0
J219,Find the Rhyme (50),50,0
J222,World of Flags (140),140,0
J227,Wooden New Zealand Map,19,0
J229,Geometric Shape Puzzle,15,0
J233,train puzzle,19,0
J234,Wooden Transportation Puzzle,25,0
J236,Body Layers Girl,29,0
J237,Animal Worlds,4,0
J241,Wooden Shapes,13,0
J242,Wooden Number Puzzle,11,0
J244,Fishing Rod Puzzle,18,0
J247,Giraffe 123 and ABC,26,0
J251,Number Puzzles,30,0
J252,Big Wheels Puzzle,30,0
J254,Rory Puzzle,36,0
J256,Cube Transport puzzle,12,0
J257,Pirate Puzzle,101,0
J259,Noahs Ark Puzzle 2,33,0
J261,sea life Puzzle,5,0
J262,4 Animals puzzle,13,0
J263,Children of the World puzzle,48,0
J264,Dr Bafflers Muddle Puzzle,12,0
J265,Breakfast Puzzle,13,0
J266,Animals of the world,49,0
J267,lion,100,0
J268,lion king,100,0
J275,NZ Jigsaw,300,0
J277,Animal A to Z,27,0
J278,wooden farm floor puzzle,26,0
J279,Wooden Snail Puzzle,10,0
J280,Solar System,25,0
J282,Little Monkey,13,0
J453,Whose Home,20,0
J654,Fishing Warf,20,0
J767,Rooster,17,0
J768,Wooden Block Jigsaws,15,4
J1151,Barbie  Spring Thing Puzzle,108,0
